display_id	dmm_id	title	description	release_date	genre	series	makers	directors	labels	actress	views	rating
MDBK-390	mdbk00390	手コキま〇こにびゅ～っびゅ～っ射精しまくり240分BEST - 波多野結衣	オンナの手こそが究極の性器だ！手コキでヌかれる射精しまくりBESTが堂々発売！！！！チ●ポを快楽に誘う、最適な形状に変化する…女の中で一番エロいパーツ！密着度も強さも速度も、自由に変わって気持ちいい！美手美女50人にシゴかれまくる！手から伝わる快感搾精！最後の一滴まで！達人級のチン搾り！金玉カラっぽ確定の4時...	2025-09-20	痴女, 淫乱・ハード系, 手コキ, ベスト・総集編, 4時間以上作品, ハイビジョン, 独占配信		BAZOOKA	K太郎	BAZOOKA（バズーカ）	波多野結衣, 大槻ひびき, 真木今日子, 篠田ゆう, AIKA, 浜崎真緒, 鈴木真夕, 蓮実クレア, 推川ゆうり, 川菜美鈴, 向井藍, あおいれな, 笹倉杏, 玉木くるみ, 加藤ももか, 枢木あおい, みひな （あずみひな、永井みひな）, 黒川さりな, 高杉麻里, 八乃つばさ, 倉木しおり, 宝田もなみ, 美園和花, 葵百合香, 稲場るか, 永井マリア, 吉根ゆりあ, 久留木玲, 小梅えな, 弥生みづき, 辻井ほのか, 如月夏希, 東條なつ, 羽生アリサ（羽生ありさ）, 木下ひまり, 涼花くるみ, 加賀美さら, 若宮はずき, 有岡みう, 高瀬りな, REMI, 北野未奈, 横宮七海, 新井リマ, 希咲アリス, 冨安れおな, 幾田まち, 美丘さとみ, 都月るいさ, 南條みや子	225837	3.48
CEAD-704	cead00704	貴方に向かって見せつける！！大股開きのガニ股オナニーで挑発する超淫乱ドスケベ女優達15人 - 波多野結衣	選りすぐりの美しい女優達15人が、あなたを挑発しながら大股開いてドスケベなオナニーを大公開！女優主導のフリースタイルなオナニーだから、淫語たっぷりの言葉攻めも個性満点で見逃し厳禁！色とりどりのランジェリーや水着をまとい、Tバックをマ○コとお尻の割れ目にグイグイ喰い込ませてあなたを誘う大胆女優や、トレードマークの剛毛がワサワサはみ出す...	2025-09-20	熟女, 巨乳, 巨尻, オナニー, 独占配信, アクメ・オーガズム	撮り下ろしオナニー・シリーズ	セレブの友		----	波多野結衣, 花音うらら, 竹内夏希, 椿りか, 芦名ほのか, 宮城りえ, 葉山さゆり, 羽月乃蒼, 南條彩, 月野ゆりね, 木野々葉えりか, 那賀崎ゆきね, 虹村ゆみ, 結城雫, 櫻木みなと	310571	2.61
GVH-782	gvh00782	おしっこ飲ませるのが大好きなドSな女上司の聖水調教 配属ガチャでドM堕ちさせられた僕 波多野結衣	新しい部署に配属となった僕を待ち受けていたのは、妖艶な美貌とドSな性癖を兼ね備えた女上司の課長代理の「ハタノ」さん。ある日、彼女の異常なまでのおしっこ愛にロックオンされた僕は、毎日のようにおしっこをドッパッドッパ、ぐびぐびと飲まされてしまう…。その過激な飲尿プレイを強●される日々の屈辱と快感の狭間でドMへと堕ちていく僕だったが、彼女...	2025-09-20	痴女, 巨乳, 単体作品, 放尿・お漏らし, M男, ハイビジョン, 独占配信, 女上司		グローリークエスト	ラッシャーみよし	GLORY QUEST	波多野結衣	568268	4.74
CJOB-189	cjob00189	ドスケベお姉さんたちの奪い合い痴女フェラ 交互にドピュドピュ射精させられちゃったボク…BEST - 晶エリー（新井エリー、大沢佑香）	バチバチとフェラテクを魅せあって何が何でも自分のターンで射精させようとしてくる貪欲さがとにかくエロいっ！無限に続きそうな勢いで交互にチ○ポを舐めじゃくる2人の痴女に挟まれて…じゅぽじゅぽと奪い合われ絶え間ないフェラ快楽に悶絶ッ！1度射精しても入れ替わり追撃が押し寄せてきて何度も、空っぽ...	2025-09-19	痴女, 淫乱・ハード系, フェラ, 顔射, ベスト・総集編, ハイビジョン, 独占配信		痴女ヘブン		痴女ヘブンBEST	晶エリー（新井エリー、大沢佑香）, 波多野結衣, 真木今日子, 篠田ゆう, AIKA, 本真ゆり, 倉多まお, 蓮実クレア, 森沢かな（飯岡かなこ）, 通野未帆, 新村あかり, 松本菜奈実, 黒川すみれ, 月乃ルナ, 永瀬ゆい, 吉根ゆりあ, 久留木玲, 佐伯由美香, 松本いちか, 吉良りん, 辻井ほのか, 藤森里穂, 羽生アリサ（羽生ありさ）, 木下ひまり, 森日向子, 夕季ちとせ, 初愛ねんね, 北野未奈, 美波もも	181863	2.82
VSED-269	vsed00269	「女将のエロいおもてなし最高！」「男なら一度は行くべき！」と、ある情報誌で有名になった山奥の温泉宿に行ってみた。そこで待ち受けていた過剰接待とは、想像を超えるエロ接待だった！！ 11 - 波多野結衣	営業不振で存続がままならない旅館を立て直す為に女将と仲居が立ち上がった！それは男性客を全裸でお出迎えし、身体を使ったエロい接待でおもてなしをする「エロ旅館」だった。そんな温泉旅館に潜入！そこで待ち受けていた過剰接待とは！！シリーズ第11弾！	2025-09-18	熟女, 4時間以上作品, ハイビジョン	シックスナイン	シックスナイン	長澤純	シックスナイン	波多野結衣, 宮本紗央里, 森崎りか, 葉月亜香里, 真矢みつき, 足立める	610869	3.35
MXGS-1396	mxgs01396	絶対痴女 色気ムンムン豊満お姉さんの誘惑SEX 波多野結衣	最高の痴女がここに！！逆レ●プFUCK・全身網タイツで見せつけオナフェラ・上司も後輩も喰らう3P- FUCKなど、オトコのM性を芯から刺激するチ●ポ直撃型痴女が暴れまくる！！	2025-09-16	無修正リーク, 痴女, 巨乳, 単体作品, キス・接吻, 中出し, おもちゃ, 3P・4P, ハイビジョン, アクメ・オーガズム	絶対痴女	マキシング	馨	MAXING	波多野結衣	397479	3.99
MIRD-255	mird00255	MOODYZファン感謝祭バコバコバスツアー2025 完全版 バコバス11時間＋うらバコ4時間＋未公開シーン収録17時間 - 波多野結衣	まだシコシコは終わらない！バコバコバスツアー2025の完全版がついに完成しました！過去最高発射回数のドスケベ☆バコバス本編にブチアゲセックス祭りなうらばこサンバ！撮影1日目終盤の気だるい色気がムンムンな秘密の花園・女子部屋！おっぱい、マンコまで出しちゃうAV女優の悪ノリをのぞき見！明け方寸前に眠気でハイになった女子たちのちゅぱぺろ逆...	2025-09-12	美少女, 乱交, フェラ, ハーレム, ハイビジョン, 独占配信	バコバコバスツアー	ムーディーズ	らくだ	MOODYZ REAL	波多野結衣, 新村あかり, 山岸逢花, 有村のぞみ, 美園和花, 月乃ルナ, 弥生みづき, 松本いちか, 木下ひまり, 小野六花, 椿りか, 三岳ゆうな, 七瀬アリス, 有岡みう, 天馬ゆい, 天宮花南, うんぱい, 宍戸里帆, 浜辺栞帆, 都月るいさ, 春陽モカ, 静河	594477	3.47
MIAB-541	miab00541	手コキ・パイズリ・寸止め焦らし 痴女テクを極めきった波多野結衣が魅せて・責めて・抜きまくる 痴女回春メンズエステ	ここは予約の絶えない老舗超人気メンズエステ店。店主「波多野結衣」が極めきった極上のテクニックで人生で一番の射精へ導く。コリをほぐす強い指圧と性器を刺激する指先が触れるかどうかのフェザータッチを使い分け、疲れを癒し、精子をオチ〇チン先っぽまで誘う！「イケると思った？まだダメだよ？」一番気持ちよくなるところまでとことん焦らしプレイ！密着...	2025-09-12	痴女, 巨乳, 単体作品, エステ, 中出し, 手コキ, ハイビジョン, 独占配信		ムーディーズ	ザック荒井	みんなのキカタン	波多野結衣	55269	4.56
MLMM-083	mlmm00083	S級美熟女ベスト 波多野結衣 4時間 スレンダー巨乳マドンナ4	美貌と瑞々しい肢体を誇る波多野結衣の魅力を余すことなく詰め込んだ究極のベスト！巨乳ボディーに連発発射！下品な口がチ○ポを生尺！淫乱肉壺に大量中出し！淫乱オナニーなどたっぷり4時間。第4弾！	2025-09-06	人妻・主婦, 巨乳, スレンダー, 単体作品, ドラマ, 中出し, 4時間以上作品, ハイビジョン, 独占配信	美熟女ベスト	Mellow Moon（メロウムーン）		Mellow Moon（メロウムーン）	波多野結衣	69084	2.40
BBSS-098	bbss00098	ぺロぺロこねくり乳首責め＆じゅぼじゅぼクリフェラでスケベ汁垂れ流しレズビアン痴女天国BEST！！（BBSS-098） - 紺野ひかる	SEXが好きすぎる超エロい痴女ビアンが大集結！唾液まみれでねっとりこねくり回す圧倒的乳首責め＆吸い付き最強のクリフェラクンニで女の敏感スポットを集中刺激！絶頂不可避の超絶テクニックでノンケも昇天ゴートゥーヘブン！盛りに盛った痴女達が楽しく淫らにイカセ合う超濃厚レズビアンセックスBEST！	2025-09-05	痴女, 巨乳, レズ, 潮吹き, レズキス, ハイビジョン, 独占配信	ぺロぺロこねくり乳首責め＆じゅぼじゅぼクリフェラでスケベ汁垂れ流しレズビアン痴女天国BEST！！	ビビアン		ビビアン	紺野ひかる, 波多野結衣, 大槻ひびき, 蘭々, 南梨央奈, 川上奈々美, 浜崎真緒, 蓮実クレア, あおいれな, 神納花, 妃月るい, 栄川乃亜, 加藤ももか, 枢木あおい, 有坂深雪, 八乃つばさ, 有村のぞみ, 美園和花, 皆月ひかる, 深田えいみ, 岬あずさ, 若宮穂乃, 月乃ルナ, 乃木蛍, 逢見リカ, 久留木玲, 佐伯由美香, 松本いちか, 斎藤あみり, 辻井ほのか, 白川ゆず, 永野つかさ, 亜矢みつき, 大川月乃, 木下ひまり, 宮崎リン, さつき芽衣, 樋口みつは, 百瀬あすか, 沙月恵奈, 平井栞奈, 市来まひろ, 早見なな, 北野未奈, 天馬ゆい, 横宮七海, 百永さりな, 天野碧, 天然美月, 小花のん, 美波もも, 倉本すみれ	671626	2.66
KSBJ-394	ksbj00394	美熟女のエロテク超絶フェラチオ17人VOL.04 - 山口珠理	前戯でのフェラではなくフィニッシュまで舐め上げる愛情たっぷりフェラを収録。ジュポジュポといやらしい音を立て、時にはパイズリも挟みつつ興奮をピークに導きます。そして次第に激しさを増しユサユサと揺れる巨乳、滴るヨダレにガマン汁も加わり興奮はMAXに！17人の厳選美熟女が尿道責めや玉吸い責め、ディープスロートなど様々なテクニックを駆使して...	2025-08-30	美乳, 熟女, フェラ, ベスト・総集編, 4時間以上作品, ハイビジョン, 独占配信, エマニエル	美熟女のエロテク超絶フェラチオ	KSB企画/エマニエル		KSB企画/エマニエル	山口珠理, 加藤ツバキ（夏樹カオル）, 初音みのり, 川上ゆう（森野雫）, 波多野結衣, 春菜はな, 小早川怜子, 浜崎真緒, 森沢かな（飯岡かなこ）, 塚田詩織, 二宮和香, 今藤霧子, 岡江凛, 百瀬凛花, 白河花清, 大橋紗奈	168470	4.99
VSED-268	vsed00268	美熟女たちの絶頂3Pレズ - 大槻ひびき	初めはノリでイチャついていただけなのに、ふとしたきっかけでレズの快感に目覚めてしまう。女同士だから分かる感じるスポット。女にハマった女たちは、いつしか3Pのレズセックスへと発展するのだった。	2025-09-18	熟女, レズ, ハイビジョン	シックスナイン	シックスナイン	長澤純	シックスナイン	大槻ひびき, 加藤あやの, 成宮いろは, 神納花, 真矢みつき, 坂本なつ歩	373875	4.52
MXGS-1398	mxgs01398	感度倍増！意識がぶっ飛ぶほどイカされまくる最高潮FUCK 大槻ひびき	知らない間に感度を倍増され、痙攣・唾液垂らし・絶叫と、ガンぎまって感じまくってイキまくる。限界突破の大絶頂へと導かれる120分。	2025-09-16	美乳, 単体作品, キス・接吻, 中出し, おもちゃ, 3P・4P, ハイビジョン, アクメ・オーガズム	限界突破！	マキシング	馨	MAXING	大槻ひびき	776022	2.74
GARA-014	gara00014	絶叫凌●レ●プ 強●される人妻 出所した痴●男たちが復讐の再犯レ●プ！ 悲鳴と嬌声が響く怒涛の4P輪●！！ 大槻ひびき	夫婦円満で暮らしていたひびき。しかしある日、柄の悪い男集団に公園のトイレで集団レ●プされてしまう。「俺たちは昔お前に痴●で訴えられてムショ暮らしさせられたんだ」と逆恨み的な強●を繰り返す男たち。弱みを握られ夫にも言えず、毎日のように慰み者となりボロボロになっていくひびき。心も体も汚されていくなか、「これで最後にしてやる」と倉庫に呼び...	2025-09-06	拘束, 辱め, 熟女, 単体作品, 独占配信	絶叫凌●レ●プ	グローバルメディアアネックス	赤羽菊次郎	グローバルメディアアネックス	大槻ひびき	675421	3.03
MADM-207	madm00207	【4K】クリスタル映像40周年記念作品 令和版 人妻温泉 癒し系 ひびき×かな×のあ - 大槻ひびき	に復活！この世界のどこかに…人妻が男たちのさまざまな苦悩を背中を流しながら聞いてくれる癒しの浴場があるという…その名も人妻温泉。●癒し系パイパン美人妻‘ひびき’さん。持ち前の笑顔と優しい声でお悩みに寄り添い、気が弱く女性と話すのが苦手な2...	2025-08-23	人妻・主婦, 巨乳, 和服・浴衣, パイパン, 騎乗位, 温泉, 中出し, パイズリ, ハイビジョン, 独占配信, 復刻, 4K	私は痴女	クリスタル映像		MADAM MANIAC	大槻ひびき, 森沢かな（飯岡かなこ）, 羽月乃蒼	1927	2.35
MASE-075	mase00075	【4K】あなたのお悩み…お背中と一緒にお流しいたします 大槻ひびき温泉	に復活！この世界のどこかに…人妻が男たちのさまざまな苦悩を背中を流しながら聞いてくれる癒しの浴場があるという…その名も人妻温泉。癒し系パイパン美人妻‘ひびき’さん。持ち前の笑顔と優しい声でお悩みに寄り添い、気が弱く女性と話すのが苦手な20代男性のお悩みをスッキリ解決。美人妻...	2025-08-16	クンニ, 人妻・主婦, 和服・浴衣, パイパン, 素人, 単体作品, 騎乗位, 中出し, パイズリ, ハイビジョン, 独占配信, 復刻, バック, 4K	人妻温泉（クリスタル映像）	クリスタル映像		MADAM MANIAC Plus	大槻ひびき	229413	3.59
MDBK-384	mdbk00384	排卵日のムラつきを逆夜●いで解消 グラインド騎乗位で男を逃さない痴女管理人 - 大槻ひびき	オナニーじゃ抑えきれない性欲を格下チ●ポで発散！！ディルド扱いで自分勝手にイキまくる！！起き抜けフェラでギンギン→勝手に挿入れられ、さぁ大変！！「誰が逃げていいって言った？？」中出し厭わぬほどに動き回る腰！！響くピストン音！！だらしない男は私の玩具。『制作・著作 株式会社ケイ・エム・プロデュース』	2025-08-09	痴女, 巨乳, 即ハメ, 騎乗位, オナニー, ハイビジョン, 独占配信		BAZOOKA	K太郎	BAZOOKA（バズーカ）	大槻ひびき, 逢月ひまり, 戸川なみ	805602	4.13
NKKD-355	nkkd00355	デカチン近親相姦 息子の硬くソリ返るズル剥けチ●ポにねとられた母 大槻ひびき	「社会との接点を持ちたいと言う想いで結婚後もスーツを着込みバリバリ出社する才色兼備の義母」。会社経営の男性と再婚したひびき。成人しても自宅で引きこもる息子の事を案じて、義理とは言え母親として、優しく世話をしていた。だがそんなある日仕事から帰宅したひびきは、息子に体を求められて押し倒されてしまう。「ダメよ正樹君お願い落ち着いてっ」ムレ...	2025-08-08	人妻・主婦, 不倫, 近親相姦, 単体作品, 寝取り・寝取られ・NTR, デカチン・巨根, ハイビジョン, 独占配信	デカチン近親相姦	JET映像		卍GROUP	大槻ひびき	866106	4.78
PBD-502	pbd00502	突然消息を絶ったエリート捜査官のその後…。BEST - 篠田ゆう	どんな事件も解決に導く、強く美しいエリート捜査官たち。しかし、危険な任務から年に数名は行方不明になってしまう…。今回、突然消息を絶ったエリート捜査官のその後を特集。そこでは、キメセク、緊縛、イラマ、輪●…。非道な肉棒調教で強く気高い眼差しが嘘だったようにマンコ堕ちしている姿があった…。どんなに聡明だろうと、どんなに美し...	2025-09-12	お姉さん, 女捜査官, 中出し, 縛り・緊縛, ベスト・総集編, ハイビジョン, 独占配信		プレミアム		PREMIUM BEST	篠田ゆう, 山岸逢花, 深田えいみ, 竹内有紀, 辻井ほのか, 藤森里穂, 楪カレン	944004	3.21
UMD-976	umd00976	ああ、お尻あいになりたい熟女尻！！ムチ尻ケツ子が今日もバックでおもてなし！！3 - 羽月希	彼女のあだ名はケツ子。みんなからそう呼ばれている。もちろん彼女はこう呼ばれて、男たちのおかずにされてシコシコされているとはこれっぽっちも思ってない。自然体で魅せてくれる系ケツ子に男たちは弱いのだ！！誘惑のバックショット！！魅惑のデカケツ！！デカ尻美熟女ムチ尻ケツ子のヒップラインにゃだれも敵わないっ！！胸より尻を見ている俺は負けなのか...	2025-09-04	看護婦・ナース, 熟女, 巨尻, 尻フェチ, フェラ, 手コキ, パイズリ, ハイビジョン	ああ、お尻あいになりたい熟女尻！！ムチ尻ケツ子が今日もバックでおもてなし！！	LEO	タブー大崎	LEO	羽月希, 神ユキ, 篠田ゆう, 武藤あやか, 児玉れな, 藤森里穂	872923	2.58
BMW-341	bmw00341	綺麗な顔を精子でドロドロにする ぶっかけ一閃！顔面射精ベスト - JULIA	綺麗な女性を汚したい…精子まみれでイキ果てる女性が好き…受け止める瞬間の苦悶の表情がタマらない…そんなアナタへ送ります！精子の’量’にこだわった珠玉の49射精！発射寸前の一番気持ちいい濃厚フェラから、激ピストンSEXから精液をブッ放すまでを完全収録！美女た...	2025-08-29	淫乱・ハード系, フェラ, 手コキ, 顔射, ベスト・総集編, ハイビジョン, 独占配信		ワンズファクトリー		WANZ	JULIA, 篠田ゆう, 椎名そら, 松本菜奈実, 二葉エマ, 月乃ルナ, 永瀬ゆい, 松本いちか, 広瀬りおな, 東條なつ, さつき芽衣, 樋口みつは, 七瀬アリス, 本田瞳, 花狩まい, 朝倉ここな, 新井リマ, 小花のん, 倉本すみれ, 佐野なつ, 宍戸里帆, 柊ゆうき, 五日市芽依, 白浜みなみ, 月野江すい, 椎名心春, 北岡果林	80976	2.12
MDBK-385	mdbk00385	網からハミ出た尻肉と美脚に絡まれたい！！卑猥な網タイツでボクを誘惑する網タイツSEX BEST 240分 - 波多野結衣	網タイツを履いたオンナはなんでこんなにエロいんだろう？お尻や太ももの肉が網目に食い込み欲情MAX！見た目もプレイも淫靡で普通のSEXより大興奮すること間違いなし！どんな体位もエロすぎて、抑えた性欲が大解放！美しいボディラインに網タイツを身に着けた美女30人が貴方を悩殺します！金玉カラになるまでヌキまくってください！激...	2025-08-23	パンスト・タイツ, 淫乱・ハード系, 中出し, ベスト・総集編, 4時間以上作品, ハイビジョン, 独占配信		BAZOOKA	K太郎	BAZOOKA（バズーカ）	波多野結衣, 真木今日子, 篠田ゆう, AIKA, 蓮実クレア, あおいれな, 笹倉杏, 新村あかり, 松本菜奈実, 枢木あおい, 黒川さりな, 優梨まいな, 八乃つばさ, 宝田もなみ, 美園和花, 若月みいな, 牧村柚希, 逢見リカ, 古賀まつな, 吉根ゆりあ, 佐知子, 小梅えな, 辻井ほのか, 東條なつ, 田中ねね, 有岡みう, ちゃんよた, 氷堂りりあ, 北野未奈, 天野碧	354713	2.48
REAL-933	real00933	オトナの女の完熟マ〇コ責めて、犯して、ハメ倒すBEST - 加藤ツバキ（夏樹カオル）	こいつらじゃなきゃ味わえない芳醇な肉体をイカセまくる！オトナの女の完熟マ●コをハメ倒す凶悪BESTが発売！トロットロの成熟ま●こにチ●ポをねじ込むのが気持ちいいんだよな。無理やり●す、縛って●す、娘の前で●す、全部●す。悲鳴と嬌声が交じり合う色気、このカラダで絶頂したい。「やめてください」なんて言うから勃起が止まらな...	2025-08-23	熟女, 巨乳, 淫乱・ハード系, 中出し, ベスト・総集編, 4時間以上作品, ハイビジョン, 独占配信		レアルワークス	K太郎	REAL（レアルワークス）	加藤ツバキ（夏樹カオル）, 篠田ゆう, 白鳥寿美礼, 美泉咲, 小早川怜子, 倉多まお, 森沢かな（飯岡かなこ）, 川菜美鈴, 阿部乃みく, かなで自由, 河北はるな, 新村あかり, 加藤ももか, 有村のぞみ, 美園和花, 一条みお, 皆月ひかる, 大浦真奈美, 一ノ瀬あやめ, 渚みつき, 冬愛ことね, 赤瀬尚子, 永瀬ゆい, 吉根ゆりあ, 弥生みづき, 宇佐木あいか, もなみ鈴, 吉岡百合子, 星仲ここみ, 木下ひまり, 田中ねね, 前乃菜々, 藤田こずえ, 若宮はずき, 蘭華, 乙アリス, ちゃんよた, 天馬ゆい, 佐野なつ, 七碧のあ, 末広純, 水川潤, 小那海あや	196654	3.24
MDBK-386	mdbk00386	BAZOOKAならではの激エロSERVICE！！キレカワ風俗嬢 4時間 PREMIUM BEST - 紺野ひかる	男なら誰しもが憧れる…神ルックス＆美ボディな凄テク風俗嬢を厳選！！スケベ過ぎて本番OKは当たり前…見るだけで勃起なハイクラス嬢の悶絶責めを見逃すな！！40コーナー40名240分の永久保存版！！『制作・著作 株式会社ケイ・エム・プロデュース』	2025-08-23	痴女, キャバ嬢・風俗嬢, 中出し, ベスト・総集編, 4時間以上作品, ハイビジョン, 独占配信		BAZOOKA	K太郎	BAZOOKA（バズーカ）	紺野ひかる, 波多野結衣, 篠田ゆう, AIKA, 浜崎真緒, 鈴木真夕, あおいれな, 玉木くるみ, 松本菜奈実, 加藤ももか, 枢木あおい, 宝田もなみ, 美園和花, 皆月ひかる, 若宮穂乃, 渚みつき, 月乃ルナ, 乃木蛍, 稲場るか, 永井マリア, 吉根ゆりあ, 辻井ほのか, 星仲ここみ, 木下ひまり, 朝日しずく, 森日向子, 姫咲はな, 藤田こずえ, 百瀬あすか, ちゃんよた, 氷堂りりあ, 美波こづえ, 横宮七海, 百永さりな, 小花のん, 倉本すみれ, 美丘さとみ, 目黒ひな実, 都月るいさ, 響乃うた	79823	3.36
CJOB-187	cjob00187	見つめて乳首をカリカリさすさすこねこね！ド痴女の主観乳首責めで何度も射精ブッコぬかれる僕。 - 佐山愛		2025-08-22	痴女, 騎乗位, フェラ, 手コキ, ベスト・総集編, ハイビジョン, 独占配信		痴女ヘブン		痴女ヘブンBEST	佐山愛, 川上ゆう（森野雫）, JULIA, 篠田ゆう, AIKA, 本真ゆり, 蓮実クレア, 推川ゆうり, 栄川乃亜, 加藤ももか, 宇野栞菜（阿部栞菜）, 月乃ルナ, 松本いちか, 吉良りん, 藤森里穂, 森日向子, さつき芽衣, 夕季ちとせ, 南乃そら, 沙月恵奈, 工藤ララ, 逢沢みゆ, 北岡果林	946801	3.22
PBD-500	pbd00500	気高き美女たちを声も出させずに●す肉棒貫通オーガズム。鬼畜串刺し輪●BEST - 篠田ゆう	で男に屈しない気高き美女たちを上下からツラヌキ犯し倒す240分！強●イラマチオ×激ピス種付けを同時に喰らわせれば…声も出せずに体だけはジタバタとイキ悶える肉オナホに成り下がるっ！快楽の逃げ道を肉棒で塞ぎ…有無を言わさず巨根メッタ刺し！端から端まで支配されている女体を見る支配感で最高に抜け...	2025-08-15	淫乱・ハード系, 中出し, 3P・4P, イラマチオ, ベスト・総集編, ハイビジョン, 独占配信		プレミアム		PREMIUM BEST	篠田ゆう, 山岸逢花, 月乃ルナ, 三咲美憂, 竹内有紀, ひなたまりん, 辻井ほのか, 堀北わん, 櫻井まみ, 乙アリス, 楪カレン, 松本梨穂, 長谷川夕奈	50464	3.27
MIZD-473	mizd00473	美少女から溢れ出すおしっこを見たい！浴びたい！飲みたい！！フレッシュ尿で全身びちゃびちゃ聖水30000mlオーバー！Vol.2 - つぼみ	美少女から溢れ出すおしっこが見たい！浴びたい！飲みたい！！フレッシュ尿で全身ビチャビチャ聖水ベスト第2弾！画面越しに伝わる大迫力の放尿スプラッシュ242発を収録！、恥じらいのお漏らし、女の子に囲まれて一斉放尿を味わうハーレム感、顔面ビチャビチャにさせる止まらないナイアガラ失禁と大満足の61コーナー！カワイイ私たちのおしっこで溺れイキさせてアゲる！	2025-08-01	制服, 痴女, 放尿・お漏らし, 潮吹き, ハーレム, ハイビジョン, 独占配信		ムーディーズ		MOODYZ Best	つぼみ, 波多野結衣, 大槻ひびき, 篠田ゆう, AIKA, 栄川乃亜, 有坂深雪, 七沢みあ, 美園和花, 皆月ひかる, 岬あずさ, 冬愛ことね, 赤瀬尚子, 東條なつ, 花芽ありす, 木下ひまり, 百瀬あすか, 沙月恵奈, 花狩まい, 天馬ゆい, 天然美月, 倉本すみれ, 末広純, 響乃うた, 透美かなた	325590	2.94
MIZD-480	mizd00480	子宮にKISS 種付けプレスで大量中出しBEST お尻潰れる程の圧迫ピストンで種付けの瞬間を捉えたこだわりアングル！！ - つぼみ	孕ませるなら絶対種付けプレス！膣内から女を征服する幸福感も味わえる、最高の体位。どちゅどちゅ尻肉潰れる程の圧迫ピストンッ！！ドクドク精子注がれ尻肉プルプル種付けの瞬間を捉えたこだわりアングル編集！！中出し精子がぶりゅぶりゅ溢れて、お尻のワレメにたらァ～りしちゃうシーンもたっぷり収録！！少女16名が無慈悲にも孕まされ続ける29...	2025-08-29	美少女, スレンダー, 尻フェチ, 淫乱・ハード系, 中出し, ハイビジョン, 独占配信	BEST（作品集）	ムーディーズ		MOODYZ Best	つぼみ, 神宮寺ナオ, 月乃ルナ, 松本いちか, 藍芽みずき, 中山ふみか, 東條なつ, 石原希望, 葵いぶき, 琴音華, 北野未奈, 工藤ララ, 倉本すみれ, 佐野なつ, 宍戸里帆, 柏木こなつ, 五日市芽依, 白石もも, 北岡果林	737010	4.72
NSFS-411	nsfs00411	AIリマスター版 私を嫉妬させてください… 禁断スワップ母娘・愛娘ダッチワイフ 名作永久保存版277分 - つぼみ	「最新のAI技術を駆使して高画質化。生まれ変わった最先端映像をご堪能あれ！」妻、娘がダッチワイフのように扱われて、揉みくちゃにされる姿に嫉妬しやがて興奮に変わっていく‥。	2025-08-23	複数話, 寝取り・寝取られ・NTR, ドラマ, ベスト・総集編, 4時間以上作品, ハイビジョン, 独占配信, 娘・養女		ながえスタイル	ながえ	ながえSTYLE	つぼみ, 相楽かごめ, 円城ひとみ, 真心実, 内藤斐奈, 乙葉みくる, 結城みさ, 早乙女らぶ, 加納瞳, 水嶋あい	6143	3.07
IBW-991	ibw00991	IBW厳選 つぼみBEST4時間	引退から早3年。永遠の処女「つぼみ」の厳選映像集4時間。IBWに出演した数々の作品の中からセーラー服、ブレザー、ニーハイソックス、黒髪ストレート、ツインテール、ポニーテールなどつぼみに最高に似合う衣装、髪型で魅せる萌え系エッチシチュエーションの数々を厳選収録。つぼみちゃんの往年のファンは感涙必至！※当作品において18歳未満の出演...	2025-08-22	美少女, パイパン, 単体作品, 中出し, ハイビジョン, 女優ベスト・総集編	IBW厳選	I.B.WORKS		I.B.WORKS	つぼみ	255894	2.15
BMW-326	bmw00326	性交中も、何度イキ果てても、死ぬほどビンカンな乳首をず～っとこねくりっ放しBEST - つぼみ	触られるとスグに感じちゃうっ！乳首激弱なオンナたちがひたすら弱点こねくり回されビックンビックン∞絶頂！敏感なスレンダー美乳から揉んでも◎なムチムチ巨乳まで、色んなおっぱい共通の性感帯である【乳首】だけを徹底的に責めてイカせまくる！こんな突起をイジくるだけで全身痙攣させてヤル支配感がたまらない！筆でイヤらしくなぞられビンビンに…玩具の刺激にも耐えきれず即・爆イキ！SEX中も片時離さずこねこねくりんっ！4時間ず～っと乳首責め特化フェチ映像！	2025-01-31	羞恥, 巨乳, 貧乳・微乳, ベスト・総集編, ハイビジョン, 独占配信, アクメ・オーガズム		ワンズファクトリー		WANZ	つぼみ, 麻倉憂, JULIA, 枢木みかん, 森沢かな（飯岡かなこ）, 椎名そら, 桐谷まつり, 有坂深雪, 佐知子, 松本いちか, 星乃マミ, 樋口みつは, 櫻井まみ, 朝日奈かれん, 小花のん, 柊ゆうき, 有栖かなう, 松岡美桜, 莉々はるか	571321	3.79
BMW-324	bmw00324	ビーチクとチ〇ポのW快感に大量射精！乳首こねくりスパイダー騎乗位BEST Vol.2 - つぼみ	乳首イジられながら杭打ちピストンされるのが最高に気持ちいぃ！ニヤニヤしながらこねくり痴女りまくるドスケベお姉さん総勢35名が登場！乳首責めスパイダー騎乗位で金玉空っぽになるまでエンドレス射精しちゃう中出し72発！ビーチクも竿もヘロヘロになるまで責められまくる悶絶快感60コーナー収録！	2025-01-03	美少女, 痴女, 淫乱・ハード系, 騎乗位, 中出し, ハイビジョン, 独占配信	ビーチクとチ○ポのW快感に大量射精！乳首こねくりスパイダー騎乗位BEST	ワンズファクトリー		WANZ	つぼみ, 佐山愛, JULIA, 篠田ゆう, AIKA, 由愛可奈, 浜崎真緒, 初川みなみ, 新村あかり, 松本菜奈実, 枢木あおい, 君島みお, 美園和花, 稲場るか, 日下部加奈, 永瀬ゆい, 小梅えな, 弥生みづき, 佐伯由美香, 松本いちか, 辻井ほのか, 藤森里穂, 田中ねね, さつき芽衣, 蘭華, 堀内未果子, 朝倉ここな, 百永さりな, 水原みその, 佐野なつ, 玉城夏帆, 末広純, 長谷川夕奈, 佐野ゆま, 五日市芽依	364327	4.84
BMW-321	bmw00321	唾液ダラダラ淫らな接吻と心地良いハンドテクのW快感 ベロキス種搾り手コキBEST - つぼみ	妖艶なベロチューで悩殺され「イクっ…！」も言えずに無念射精！エッロい表情の顔で唇を近づけては焦らしたり、思いっきり舌で掻き乱してみたり、涎たっぷりベロベロクチュクチュされてる間にもヤラシイ手つきでシコシコ…シコシコ…っ！頭からバグらせる2点快感がビンビン伝わってずっと気持ちイイ240分！一生懸命腰振るのもいいけど、痴女に身をゆだねてドピュドピュさせるのもたまらない！目をつむっておクチを閉じて…最高の射精で果てられるBEST作品です！	2024-11-29	痴女, お姉さん, キス・接吻, 手コキ, ベスト・総集編, ハイビジョン, 独占配信		ワンズファクトリー		WANZ	つぼみ, 佐山愛, JULIA, 森沢かな（飯岡かなこ）, 新村あかり, 君島みお, 水川スミレ, 深田えいみ, 月乃ルナ, 日下部加奈, 永瀬ゆい, 松本いちか, 辻井ほのか, 藤森里穂, 朝比奈ななせ, 木下ひまり, 森日向子, さつき芽衣, 沙月恵奈, 花狩まい, 北野未奈, 新井リマ, 寺田ここの, 皇ゆず, 倉本すみれ, 末広純, 長谷川夕奈, 佐野ゆま	761950	4.49
BMW-320	bmw00320	柔らかい舌をネットリ絡ませながらハメまくるベロキス中出しセックスBEST 49中出し4時間 - つぼみ	舌を絡ませながらチンポ激ピストン中出し49コーナーBEST。夢中でベロキスしながらマン汁とザーメンを交じり合わせると身も心もトロットロ！最高のイチャラブSEXで天国のようなオーガズム体験約4時間！！	2024-11-01	キス・接吻, 中出し, ベスト・総集編, ハイビジョン, 独占配信		ワンズファクトリー		WANZ	つぼみ, 仲村みう, 佐山愛, 里美ゆりあ, JULIA, 篠田ゆう, 本真ゆり, 鈴木心春, 山岸逢花, 君島みお, 神谷充希, 小泉ひなた, 篠崎かんな, 月乃ルナ, 吉根ゆりあ, 柊るい, 小梅えな, 夏希まろん, 天川そら, 辻井ほのか, 白川ゆず, 藤森里穂, 田中ねね, さつき芽衣, 月野かすみ, 堀内未果子, 朝田ひまり, 瀬田一花, アンナ, 百永さりな, 結城りの, 寺田ここの, 皇ゆず, 星宮ゆのん	29092	3.63
BMW-317	bmw00317	輪姦大量中出しBEST 精子ブリュブリュ逆流するまで何度も種付け！イってもザーメン求め続ける淫乱マ〇コに怒涛の射精220発！ - つぼみ	大勢集めたマンパワーで兎にも角にも中出ししまくり！突き上げ体位で！ガン突きバックで！種付けプレスで！マ〇コから精子ぶりゅぶりゅ逆流してもまたナカに押し込んでヤルっ！1回イッても終わりなワケがない！飢えた男達が肉棒ギン勃ち状態でぞろぞろ待機！一体誰の精子が着床（ゴール）するのか！濃すぎるシーンを4時間に凝縮！抜きドコロの塊BESTをとくとご覧あれ！	2024-09-27	淫乱・ハード系, 中出し, 3P・4P, ベスト・総集編, ハイビジョン, 独占配信, アクメ・オーガズム		ワンズファクトリー		WANZ	つぼみ, 佐山愛, JULIA, 由愛可奈, 松本菜奈実, 桐谷まつり, 水川スミレ, 深田えいみ, 佐知子, 松本いちか, 白川ゆず, 藤森里穂, 朝比奈ななせ, 姫咲はな, 夕季ちとせ, 櫻井まみ, 花狩まい, 倉本すみれ, 花柳杏奈, 末広純	765319	4.76
BMW-316	bmw00316	鉄フックマ○コ引き裂き失禁拷問BEST 森沢かな 花狩まい AIKA つぼみ 工藤ララ 琴音華	女子校生・教師・上司とムカつく女共を拘束監禁し、鉄フックをマンコの奥深くに挿入！コンクリートを吊り下げて、グイッ！グイッ！と子宮をエグって強●アクメさせるイカセ拷問4時間BEST！強烈な衝撃がGスポットに直撃して、人気女優達が「もうイギだくないっ！！」と痙攣絶頂しながら何度も大量失禁しちゃってます！	2024-08-30	OL, 女子校生, 淫乱・ハード系, 監禁, ハイビジョン, 独占配信, アクメ・オーガズム	鉄フックマ○コ引き裂き失禁拷問	ワンズファクトリー		WANZ	つぼみ, AIKA, 森沢かな（飯岡かなこ）, 琴音華, 花狩まい, 工藤ララ	97140	2.68
BMW-315	bmw00315	弾けるおっぱい！イキ顔！しなる曲線美ボディ！ 立ちバック痙攣エビ反り100連発！Vol.2 - つぼみ	弾けるおっぱい！イキ顔！メリハリ曲線美ボディ！エビ反り痙攣立ちバック100連発BESTの第2弾！大絶叫でイキまくる極上美女43名の豪華出演！前回よりもボリュームアップした総数153発の大射精！中出しもたっぷり140発オーバー！快楽に溺れて仰け反りイキしちゃう女たちが超エロい！！	2024-08-30	巨乳, スレンダー, 淫乱・ハード系, 中出し, ハイビジョン, 独占配信, バック	立ちバック痙攣エビ反り100連発！	ワンズファクトリー		WANZ	つぼみ, 佐山愛, JULIA, 篠田ゆう, 由愛可奈, 川上奈々美, 松本菜奈実, 枢木あおい, 水川スミレ, 深田えいみ, 月乃ルナ, 吉根ゆりあ, 奏音かのん, 久留木玲, 弥生みづき, 佐伯由美香, 松本いちか, 天川そら, 星乃マミ, 藤森里穂, 東條なつ, 丘えりな, 木下ひまり, 森日向子, 樋口みつは, 七瀬アリス, 斎藤まりな, 本田もも, 花狩まい, 高山すず, 工藤ララ, 横宮七海, 本田のえる, 結城りの, 倉本すみれ, 明日見未来, 愛宝すず, 花柳杏奈, 柏木こなつ, 玉城夏帆, 綾瀬こころ, 黒木逢夢, 有栖舞衣, 響乃うた, 有栖かなう, 佐野ゆま	699009	4.86
MIZD-398	mizd00398	［デカ尻騎乗位特化］アツアツ精子大好き痴女のド搾精杭打ちピストン中出し65発BEST - つぼみ	【やっぱりヌクくならデカ尻がいい。】騎乗位で責め立てられたいチ○ポ必見！またがり上手な痴女’sたちの重量感を感じながら中出しブチまけよう！さらに、お尻が大好きなそこのアナタ！揺れる肉感見たいですか？モザイクの外にいる尻穴眺めたいですか？わかります！画面いっぱいのお尻も主観視点のお尻も横から見たお尻も盛りだくさん！50本番のデカ尻騎乗位で今日もヌクっ！	2024-08-16	痴女, 巨尻, 尻フェチ, 騎乗位, 中出し, ハイビジョン, 独占配信		ムーディーズ		MOODYZ Best	つぼみ, AIKA, 本真ゆり, 蓮実クレア, 推川ゆうり, 塚田詩織, 松本菜奈実, 神宮寺ナオ, 水川スミレ, 深田えいみ, 渚みつき, 月乃ルナ, 逢見リカ, 永瀬ゆい, 吉根ゆりあ, 久留木玲, 弥生みづき, 松本いちか, 藍芽みずき, 中山ふみか, 藤森里穂, 東條なつ, 木下ひまり, 田中ねね, 石原希望, 森日向子, 天音ゆい, 沙月恵奈, 乙アリス, REMI, 氷堂りりあ, 北野未奈, 工藤ララ, 新井リマ, 百永さりな, 一色彩葉, 水原みその, 花柳杏奈, 皆瀬あかり, 森下ことの, 鬼塚もなみ	716314	3.93
SGM-060	sgm00060	hina_porn is currently on private session	翔田千里デビュー20周年記念特別作品！専業主婦の千里。夫婦は仲は良く今でも夜の営みがあった。しかし千里の性欲は底なしで少し持て余していた。ある日、隣に大学生の男が引っ越してきた。挨拶に来た大学生を夕食に誘う。夫婦と大学生で食事をした。千里は初々しい大学生に狙いを定めた。数日後、千里は隣の大学生の所におかずを入れたタッパーを持っていっ...	2025-09-20	熟女, 人妻・主婦, 単体作品, ドラマ, 中出し, 独占配信		グローバルメディアエンタテインメント	赤羽菊次郎	Super Global Media	翔田千里	116189	2.44
ZMAR-144	zmar00144	hina_porn is currently on private session	目鼻立ちくっきりの美貌と絶妙にそそる垂れ乳＆ムッチリボディで熟女ファンを虜にする翔田千里。そんな彼女の魅力を余すことなく紹介！家庭内ヒエラルキー最上位の千里は、息子と夫のチ○ポを完全支配…『マダムスファミリー…』。噂のお宿で美人女将とお手合わせ…『一見さんお断り！美人女将の…』の2作品を完全収録！	2025-09-20	熟女, 人妻・主婦, 巨乳, 巨尻, 単体作品, ハイビジョン, 女優ベスト・総集編	まるっと！	プラネットプラス		まるっと！	翔田千里	270437	3.52
BJD-055	bjd00055	熟年フルムーン 鬼怒川湯西川温泉の旅 翔田千里	翔田夫妻は結婚27年。夫が定年を迎えた頃、待望の初孫が生まれた。これを機に今後をゆっくり話そうと二人で久々の温泉旅行に出掛けた。二人の愛はまだまだ半ば、長い間冷めぬ愛、時が経つほどに深まる愛。久しぶりに二人だけの温泉…まだ初々しかったあの頃の様にキスして！唇を重ね、肌が触れ合うとあの頃の思い出が蘇り、性欲にも火が付いた。今も変わらぬ...	2025-09-13	熟女, 巨乳, 単体作品, 温泉, 中出し, 独占配信, 旅行	熟年フルムーン 高齢夫婦	ルビー	割目三郎	慕情	翔田千里	940410	3.81
FWTR-023	fwtr00023	汗でじっとり濡れたムチムチ巨乳のアカスリおばちゃん（2）～カチカチの勃起チ●コを見せつけたらSEX出来るはず！ - よしい美希（伊沢涼子、吉井美希）	▼アカスリ店のムチムチボディーの巨乳熟女！Tシャツがシャワーの水で透け透け！えっ！？まさかの‘ノーブラ’▼乳首が透けたTシャツから巨乳がアカスリ中に押し当てられる！そりゃ俺の股間はもうビンビン！それを発見したアカスリ嬢はタオルを取って剥き出しの勃起チンポのままアカスリ続行！▼ボディータッチ全開の美希さん（50）はチンコを口に咥えてジ...	2025-08-30	熟女, 職業色々, 巨乳, ぽっちゃり, 手コキ, ハイビジョン, 独占配信, エマニエル	ムチムチ巨乳のアカスリおばちゃん	ふわとろ熟女/エマニエル	スーパースケベマシン2号	ふわとろ熟女	よしい美希（伊沢涼子、吉井美希）, 翔田千里	882430	4.00
ODVHJ-065	odvhj00065	某都内サウナにいた綺麗で色っぽいアカスリおばさん妻たちと性交できたエロ話… - 翔田千里	巨乳、スレンダー、巨尻な4人の熟妻さんたちがエロエロ密着アカスリをしてくれるんです。胸をさんざん押しつけるから絶対にヤレると思い、口説いたら「そんなつもりじゃ」「ここは風俗ではないです」何て言うものの胸をまさぐり勃起した肉棒を見せつけたら本番やれました。密室で行われた熟女と男のエロ4ストーリー！！	2025-08-27	人妻・主婦, 巨乳, マッサージ・リフレ, デカチン・巨根, ハイビジョン		グラフィティジャパン	割目三朗	オーガズム	翔田千里, 小早川怜子, 成宮いろは, 月野ゆりね	333460	3.17
HMIX-048	hmix00048	夏の昭和の官能劇 戦時と戦後を描く女たちの生々しい性の営み 12人 4時間 - 岩崎千鶴	終戦間際の日本で世情に翻弄される男と女。戦後の日本で懸命に生きる未亡人。男たちを手玉に取り、夜の町で生きていく美人ホステス。明け透けで奔放な田舎の性慣習を満喫する、出戻り美人妻。昭和の田舎で暮らす母と子の物語。戦前から続く母子相姦。一線を越えた忌まわしき親子の姿。あまりにエロティックな、禁断の恋を描く。強かに生きる可愛らしくも儚い昭...	2025-08-23	熟女, 人妻・主婦, ベスト・総集編, 独占配信	お得な総集編	グローバルメディアエンタテインメント		ハイパーミックス（グローバルメディアエンタテインメント）	岩崎千鶴, 翔田千里, 加藤ツバキ（夏樹カオル）, 秋川真理, 中山佳子, 川上ゆう（森野雫）, 吉澤清美（田村みゆき）, 藤沢芳恵, 西尾みずえ, 霧島ゆかり, 美嶋宏子, 西園寺美緒	658569	3.57
ALDN-498	aldn00498	娘の彼と… 密会中出し続ける日々 翔田千里	突然の娘の相談に驚きました…。娘は彼氏との事で悩んでいました…。夫に先立たれ、一人娘と二人きりの生活。そんな娘を私はほっておくなんてできませんでした。ただ娘の悩みが普通ではなかったのです。「彼氏のアソコが大きすぎて、セックスが苦痛で別れたい…」そんな娘の悩みを解決するには…。私なり必死に考えました。そして出した答えが...	2025-08-23	無修正リーク, 熟女, 人妻・主婦, 不倫, 巨乳, 単体作品, 中出し, 独占配信	娘の彼と	タカラ映像	九十九究太	ALEDDIN	翔田千里	275938	2.99
GOGO-035	gogo00035	AV女優の恥ずかしい局部アップ 裸のコレクションvol.3 - 翔田千里	AV女優15人のオールヌード作品。普段のAVでは見る事の出来ない、あんな姿やこんな姿を拝むことが出来ちゃいます。全身舐め撮り、目、鼻、口、耳、うなじ、わき、乳房、乳首、へそ、アナル、足の裏…接写でじっくり観察。剃り残しやムダ毛、普段見られたくない様な部分も余すことなく収録されています。	2025-08-12	脚フェチ, 巨乳フェチ, その他フェチ, 尻フェチ, 局部アップ, ハイビジョン	AV女優の恥ずかしい局部アップ	MERCURY（マーキュリー）		GOLD（マーキュリー）	翔田千里, 寺島志保, 葵百合香, 永野つかさ, 咲野瑞希, 鈴音杏夏, 末広純, 志田みずき, 如月ゆの, 有加里ののか, 桜木美音, 彩乃ゆかり, 佐久間楓, 沙月ふみの, 橘内ひなた	729070	3.55
AED-245	aed00245	熟女の戯れ 女性向け出張風俗にハマる五十路母 翔田千里	退屈な日常に飽きた五十路母は女友達から女性用風俗の話を聞き旺盛な好奇心と満たされない欲求から連絡をする。若い男に白く完熟した肉体と淫らに濡れたオマ○コを弄られ昇天するとその心地良さに更なる快楽を欲して再び依頼する。巨尻を突き出し卑猥なマ○コにデカチンを咥え込み五十路母は巨乳を揺らし歓喜する。	2025-08-02	無修正リーク, 熟女, 人妻・主婦, 巨乳, 単体作品, マッサージ・リフレ, 独占配信	熟女の戯れ	ルビー	矢野口進	EDEN（ルビー）	翔田千里	677077	3.29
RBK-110	rbk00110	愛する息子の為に肛門に中出しされた母親 翔田千里	息子の不祥事の代償は母親のアナル  「本当に息子があなたにそんなケガを！？」 「全治一か月と言われました」 「本当にごめんなさい！病院代はいくらだったの？」 「お金はいりません。その代わりに僕のお願い聞いてくれます？ ダメなら学校に言って、然るべき処分をしてもらいますよ？」  息子への愛が…母のアナルを狂わせる！	2025-08-01	無修正リーク, 辱め, 熟女, お母さん, 単体作品, 浣腸, アナルセックス, ハイビジョン, 独占配信		アタッカーズ	芳賀栄太郎	龍縛	翔田千里	672075	2.10
PPBD-302	ppbd00302	柔ふわモッチリ爆乳に跨り挟み込み超快感ホールド馬乗りパイズリ挟射BEST - 佐山愛	柔ふわモッチリ爆乳に跨り挟み込み超快感ホールド！デカ乳馬乗りパイズリ挟射BEST！抜き心地バツグンのデカパイに腰振りおっぱい征服する夢のパイズリプレイ31コーナー収録！モーレツ谷間で激圧迫して39発のザーメン大量挟射させる14名の超乳女が登場！普通では味わえない弾力、密着、包容、快感でそのまま顔面に精子噴射！いっぱい腰振って気持ちよく発射！！	2025-02-14	巨乳, 巨乳フェチ, パイズリ, 顔射, ハイビジョン, 独占配信		OPPAI		OPPAI	佐山愛, Hitomi（田中瞳）, 春菜はな, JULIA, 倉多まお, 浅田結梨, 笹倉杏, 藤咲エレン, 成海さやか, 桐谷まつり, 吉根ゆりあ, 川村晴, 千歳りあ, 椿りか	734800	3.30
PPBD-295	ppbd00295	おっぱいが最も映えるS字カーブ 絶頂直後の巨乳を思う存分揺らしイカす追撃バックピストン80コーナー - Hitomi（田中瞳）	おっぱい揺らしてイキまくる女を見ていたい！絶頂したあとも容赦なくつき続ける追撃バックピストンにデカ乳突き出しのけ反りアクメする巨乳を集めたBESTが登場！おっぱいの映えるS字カーブを描く曲線美を見ながらシコる！行き過ぎて腰砕けになって四つん這いになってもまだまだピストン！重力で伸びた長乳がぶ～るぶ～る揺れる姿もイイ！激ピストン×巨乳×絶頂を詰め込んだバック体位こそが至高！本能のまま突き揺らせ！	2024-11-15	巨乳, 巨乳フェチ, ベスト・総集編, ハイビジョン, 独占配信, バック, アクメ・オーガズム		OPPAI		OPPAI	Hitomi（田中瞳）, 本真ゆり, 浜崎真緒, 橘メアリー, 松本菜奈実, 君島みお, 水川スミレ, 夕美しおん, 夏希まろん, 弥生みづき, 妃ひかり, 藤森里穂, 蜜美杏, 姫咲はな, さつき芽衣, 凪沙ゆきの, 月野かすみ, 蘭華, 舞奈みく, 川北メイサ, 堀内未果子, 柊紗栄子, 楪カレン, 朝田ひまり, 北野未奈, 瀬田一花, 高橋りほ, 新井リマ, 百永さりな, 希咲アリス, 水原みその, 冨安れおな, 綾瀬ことは, 小美川まゆ, 永田莉雨, 早見依桜, 小花のん, 桃瀬くるみ, 穂花あいり, 玉城夏帆, 末広純, 九十九メイ, 櫻茉日, 安位薫, 佐野ゆま	470021	2.93
PPBD-291	ppbd00291	もうイッてるってばぁ！！ スレンダー巨乳が追撃ピストンでビクビク痙攣！エビ反りブリッジBEST！ - Hitomi（田中瞳）	「もうイッてるってばぁ！！」スレンダー巨乳娘がイッた直後の追撃ピストンでビクビク痙攣！脳天まで突き抜ける快感で体をグイーンッとアーチを描いて昇天！エビ反り絶頂ブリッジBEST！デカチンの連続ピストンで全身を震わせてイキまくる28名のスレンダー巨乳！アクメ顔で絶叫する本気イキセックスが見れる52コーナー収録！迫力と躍動するおっぱいが最高にエロいハードピストン4時間を堪能下さい！	2024-10-11	巨乳, スレンダー, 騎乗位, ハイビジョン, 独占配信, バック, アクメ・オーガズム		OPPAI		OPPAI	Hitomi（田中瞳）, 本真ゆり, 浜崎真緒, 夕美しおん, 深田えいみ, 弥生みづき, 妃ひかり, 高岡美鈴, 田中ねね, 蜜美杏, さつき芽衣, 凪沙ゆきの, 月野かすみ, 楪カレン, 北野未奈, 結城りの, 水原みその, 綾瀬ことは, 小花のん, 赤目レイラン, 桃瀬くるみ, 穂花あいり, 野咲美桜, 花柳杏奈, 月見伊織, 綾瀬こころ	659390	4.86
PPBD-290	ppbd00290	【パイズリ特化】 射精直前から痴女の乳テクで責め立てられる挟射85連発BEST - 晶エリー（新井エリー、大沢佑香）	凄テク痴女×最大Ocupの巨乳=セックスを超えた快感！パイズリに特化した乳フェチ謹製BESTの登場です！おっぱいを見たい、挟まれてるところで抜きたい、パイズリの良さを思い出したい…なんでもOK！男は黙っておっぱいの気持ちよさに溺れるしかない！どうしても抗えない巨乳の魔力！射精直前から始まるコーナーで抜きやすさを重視！スケベな表情でおっぱい駆使して抜きにくるエロい女に抜かれまくる85連射！	2024-09-13	痴女, 巨乳, 巨乳フェチ, パイズリ, 3P・4P, ハイビジョン, 独占配信		OPPAI		OPPAI	晶エリー（新井エリー、大沢佑香）, Hitomi（田中瞳）, 春菜はな, 真木今日子, 本真ゆり, 浜崎真緒, 新村あかり, 松本菜奈実, 君島みお, 宝田もなみ, 夕美しおん, 吉根ゆりあ, 小梅えな, 夏希まろん, 麻倉ゆあ, 吉岡ひより, 辻井ほのか, 藤森里穂, 田中ねね, 蜜美杏, 神坂朋子, さつき芽衣, 飛鳥りいな, 凪沙ゆきの, 月野かすみ, 有岡みう, 蘭華, 乙アリス, 川北メイサ, 楪カレン, 朝日奈かれん, 辻さくら, 北野未奈, 芹奈りく, 瀬田一花, 高橋りほ, 横宮七海, アンナ, 新井リマ, 百永さりな, 希咲アリス, 水原みその, 冨安れおな, 小花のん, 片瀬みさ, 桃瀬くるみ, 穂花あいり, 野咲美桜, 月見伊織, 綾瀬こころ, 九十九メイ, 櫻茉日, 星乃夏月, 聖璃とあ, 安位薫, 羽月乃蒼	123395	3.80
PPBD-289	ppbd00289	おっきいオッパイにムギュ～！と圧迫されながらシコシコ発射！Hカップ以上爆乳集まれ授乳手コキBEST - 織田真子	おっきいオッパイにムギュ～！っと圧迫されながらおっぱいチューチューしたい方必見！Hカップ以上の爆乳ちゃん大集合！たっぷりザーメン発射授乳手コキベスト！おっぱい大好きマンの王道プレイを31コーナー収録！心地よい圧迫感と強烈なシゴキの究極の融合プレイを繰り出す23名のデカパイ女優たちを厳選収録！視界が完全におっぱいに埋もれて夢見心地でザーメン噴射240分！窒息しちゃうおっぱいプレスで天国イキ！	2024-09-13	痴女, お姉さん, 巨乳, 巨乳フェチ, 手コキ, ハイビジョン, 独占配信		OPPAI		OPPAI	織田真子, Hitomi（田中瞳）, 春菜はな, JULIA, 藤咲エレン, 桐谷まつり, 優月まりな, 高杉麻里, 宝田もなみ, あいだ飛鳥, 永井マリア, 吉根ゆりあ, 田中ねね, 神坂朋子, 楪カレン, 芹奈りく, 希咲アリス, 愛宝すず, 松本梨穂	168986	2.57
PPBD-288	ppbd00288	「もっと腰振りなさいってばぁ！」 ゼッタイ連射させるッ！搾りたがり巨乳痴女の逆追撃中出し81発BEST - Hitomi（田中瞳）	Q.射精後のチ○ポをさらにおま○こでシゴいたらどうなっちゃうの？ A.頭おかしくなるほど気持ちイイ射精ができます。 射精1発じゃ物足りない淫乱スケベ痴女が巨乳を振り乱して「おかわり」を希望！腰を振らされ、時には騎乗位でチ○ポ貪られ！連続で中出しするまで終わらない金玉空っぽ確定の痴女セックスの世界！思いっきり射精してからもう1発！子宮からザーメン溢れかえるほどに連射！揺れまくるおっぱいがチ○ポのカンフル剤！このおっぱいを前に復活したチ○ポを痴女られる無限ループ！	2024-08-16	痴女, 巨乳, スレンダー, 騎乗位, 中出し, ハイビジョン, 独占配信		OPPAI		OPPAI	Hitomi（田中瞳）, 夕美しおん, 藤森里穂, 蜜美杏, 姫咲はな, 神坂朋子, さつき芽衣, 飛鳥りいな, 月野かすみ, 舞奈みく, 川北メイサ, 堀内未果子, 楪カレン, 朝田ひまり, アンナ, 百永さりな, 皇ゆず, 小花のん, 桃瀬くるみ, 宮名遥	826302	3.58
PPBD-284	ppbd00284	敏感チクビをこねくり回す痙攣絶頂FUCK - Hitomi（田中瞳）	「乳首だけでイッちゃうのぉ！」敏感チクビをこねくり回す痙攣絶頂FUCK！触れるたびに感度上昇！クリトリスよりも敏感なビーチクをクリクリ刺激しまくる30コーナー収録！ピンク色の乳首を持つ美乳っ子を厳選収録！何度絶頂してもこねくりピストンが止まらない乳首絶叫ラッシュ！	2024-07-12	羞恥, 美乳, 巨乳, 巨乳フェチ, マッサージ・リフレ, ハイビジョン, 独占配信		OPPAI		OPPAI	Hitomi（田中瞳）, 桐谷まつり, 夕美しおん, 深田えいみ, 吉根ゆりあ, 小梅えな, 夏希まろん, 妃ひかり, 千歳りあ, 神坂朋子, さつき芽衣, 凪沙ゆきの, 初愛ねんね, ほむら優音, 芹奈りく, 百永さりな, 花柳杏奈, 柏木こなつ, 末広純	162353	4.84
PPBD-283	ppbd00283	膣奥と口内にチ〇ポねじり込み思わず乳揺れ悶絶！！上下串刺し乱交98射精 - Hitomi（田中瞳）	巨乳娘がクチとマ〇コにチ〇ポをねじ込まれて乳揺れ悶絶！デカチンまみれで痙攣イキする上下串刺し乱交！無残な串刺し姿で中出しされる17名の爆乳たち！生徒、サークル、NTR、様々な酒池肉林のシチュエーションで犯●れ続ける！デカチンを何度も突っ込まれて理性崩壊！そのまま中に口に吐き出される98発のザーメン！たくさんのチンポ無しじゃ生きてイケなくなるまで犯し尽くせ！！	2024-06-14	辱め, 巨乳, 乱交, 騎乗位, 中出し, ハイビジョン, 独占配信		OPPAI		OPPAI	Hitomi（田中瞳）, JULIA, 桐谷まつり, 凛音とうか, 深田えいみ, 乃木蛍, 月野かすみ, 舞奈みく, 楪カレン, 北野未奈, 水原みその, 小野崎りこ, 桃瀬くるみ, 綾瀬こころ, 九十九メイ	30268	2.57
PPBD-282	ppbd00282	おわん！釣鐘！半球！個性豊かな美バスト収録！！巨乳美少女達の乳ま〇こでイき果てる！射精直前パイズリラッシュ！99連発！！ - 晶エリー（新井エリー、大沢佑香）	乳ま〇こでイき果てたいおっぱいスキーあつまれ～！おわん型に釣鐘型、半球型！この世に存在する全形状の美バスト収録！貴方のチ〇ポにベストなパイズリがここにはある！！吸って、揉んで！挟まって、コスられ気が付けば乳肉にありったけの願望をぶちまけ射精！！上目遣いのご奉仕スタイルに征服感マックス馬乗りパイズリ！乳頭と亀頭のディープKISS！王様気分に浸れて最高なハーレムパイズリ！！ぼよん！たぷん！溢れる100連発！！	2024-06-14	美少女, 巨乳, パイズリ, 3P・4P, ローション・オイル, ベスト・総集編, ハイビジョン, 独占配信		OPPAI		OPPAI	晶エリー（新井エリー、大沢佑香）, Hitomi（田中瞳）, 春菜はな, 真木今日子, 本真ゆり, 浜崎真緒, 推川ゆうり, 新村あかり, 松本菜奈実, 桐谷まつり, 君島みお, 宝田もなみ, 美園和花, 大浦真奈美, 夕美しおん, 深田えいみ, 日下部加奈, 吉根ゆりあ, 佐知子, 中野七緒, 小梅えな, 夏希まろん, 弥生みづき, 辻井ほのか, 結白まさき, 深沢いのり, ジューン・ラブジョイ, 藤森里穂, 田中ねね, 川村晴, 蜜美杏, 椿りか, 姫咲はな, 神坂朋子, さつき芽衣, 飛鳥りいな, 凪沙ゆきの, 月野かすみ, 真木夏芽, 有岡みう, 蘭華, 初愛ねんね, 乙アリス, 舞奈みく, REMI, 川北メイサ, 堀内未果子, 楪カレン, 朝日奈かれん, 朝田ひまり, 辻さくら, 高橋りほ, 横宮七海, 新井リマ, 希咲アリス, 結城りの, 水原みその, 冨安れおな, 永田莉雨, 小花のん, 赤目レイラン, ERINA, 桃瀬くるみ, 穂花あいり, 野咲美桜, 愛上みお, 末広純, 宮名遥, 月見伊織, 綾瀬こころ, 櫻茉日, 星乃夏月, 白川みなみ, 鬼塚もなみ, 沢北みなみ, 笹原うらら, 美澄しおん, 愛瀬ゆうり, 佐野ゆま, 鈴木あむ	280012	3.35
PPBD-279	ppbd00279	衣装をヒン剥き爆乳が弾けイキ！全裸よりも興奮する着衣SEXベスト！ - 織田真子	衣装をひん？き爆乳が弾けイク！ポロリする大迫力おっぱいに大興奮！全裸よりも興奮する着衣SEXベスト！巨乳強調ニット服やメイド服、セクシーランジェリーなど衣服で身を包んだ17名の神乳女優を厳選収録！乱れた衣装でスケベな部分だけが丸見えになった姿により下半身を刺激して激ピストンを繰り返す27本番！全裸になるまで待てないユーザーさん必見！自分本位の着衣SEXをご堪能下さい！	2024-04-12	巨乳, ランジェリー, コスプレ, 着エロ, 中出し, ベスト・総集編, ハイビジョン, 独占配信		OPPAI		OPPAI	織田真子, Hitomi（田中瞳）, 桐谷まつり, 夕美しおん, 吉根ゆりあ, 佐知子, 妃ひかり, ジューン・ラブジョイ, 田中ねね, 神坂朋子, さつき芽衣, 菜月るい, 朝倉ここな, 百永さりな, 水原みその, 綾瀬こころ	655762	4.10
PPBD-273	ppbd00273	ヌルヌルおっぱい密着！ねっちょりと痴女ッてくる泡洗体パイズリ挟射BEST！ - Hitomi（田中瞳）	泡まみれヌルヌルおっぱい刺激で最高の射精体験！シャボンでもっちりネットリ状態の柔らかボインでシゴかれる22コーナー収録！お風呂で汗だくイチャコラ密着パイズリ＆パイコキでイクイク昇天！心もチ〇ポも洗われて気持ちよくザーメン出してね！	2024-01-12	痴女, 巨乳, パイズリ, ローション・オイル, ベスト・総集編, ハイビジョン, 独占配信, ヘルス・ソープ		OPPAI		OPPAI	Hitomi（田中瞳）, 本真ゆり, 浜崎真緒, 新村あかり, 夕美しおん, 吉根ゆりあ, 辻井ほのか, 藤森里穂, 椿りか, 月野かすみ, 乙アリス, 朝田ひまり, 希咲アリス, 水原みその, 穂花あいり, 野咲美桜, 愛上みお, 月見伊織	439114	2.40
SGB-004	sgb00004	HitomiSUPER BEST8時間 - Hitomi（田中瞳）	驚愕のJカップを引っさげ登場した業界騒然移籍デビュー作から全5作品全25コーナーを収録した究極のHitomiベストの登場です！！デカチンが埋もれるデカパイズリ、巨大な乳房が激震するハードFUCKなど、まるごと爆乳が詰まった1本です！！	2010-04-01	巨乳, 巨乳フェチ, 単体作品, デジモ, 独占配信, 女優ベスト・総集編	○○SUPER BEST	嵐を呼ぶスーパーガール		嵐を呼ぶスーパーガール	Hitomi（田中瞳）	902102	3.26
RKI-062	rki00062	誘惑の家庭教師 - 小泉キラリ（菅野桃）	吉沢明歩、希崎ジェシカ、Hitomi、原更紗、小西那奈、更に素人先生まで総勢24人の家庭教師。あなただけに贈る二人っきりの特別授業の数々。笑顔で優しく、そして刺激的なレッスン！密室の中だからこその恥じらいや興奮が詰まった永久保存版！	2010-03-19	家庭教師, 巨乳, 騎乗位, 独占配信		ROOKIE		ROOKIE	小泉キラリ（菅野桃）, 吉沢明歩, 涼果りん, 中川瞳, 黒木麻衣（花野真衣、SHIHO）, 姫野りむ, 山城美姫, 生田沙織, 鳴海すず, つぼみ, 坂本梨沙, 美島涼, 雪見紗弥, 原更紗, 小西那奈, 山本ちづこ, 藤倉れいみ, 早乙女ルイ, 小辻もえ, 長澤あずさ, 日向ひかる, 希崎ジェシカ, Hitomi（田中瞳）, 松坂晴美	407230	3.30
MIDD-599	midd00599	Jカップ超爆乳ボディー 激激激パイズリSP Hitomi - Hitomi（田中瞳）	史上最強の爆乳を誇るJカップ芸能人・HitomiがMOODYZ『超爆乳ボディー』に登場！オイル・唾液・汗塗れで肉棒丸呑みする激パイズリ！オッパイ揺らして男を誘惑する痴女SEX＆アクロバティックFUCK！爆乳縛り上げ陵●SEX→大量ぶっかけ！激ピストン串刺し3P！4本番ド迫力ハードFUCKで極上オッパイを味わい尽くせ！！	2010-03-01	巨乳, 単体作品, 騎乗位, パイズリ, 3P・4P, デジモ, ハイビジョン, 独占配信		ムーディーズ	［Jo］Style	MOODYZ DIVA	Hitomi（田中瞳）	215442	3.90
PPPD-082	pppd00082	Hitomi×OPPAI×4時間 ―Jの衝撃とOPPAIのスペシャルコラボレーション― - Hitomi（田中瞳）	OPPAIが超人気爆乳芸能人・Hitomiをプロデュース！HitomiのJcupをフェチに責めまくる全11コーナー！！爆乳縛りFUCK！乳顔挟みFUCK！コスプレFUCK！Hitomiの生乳を味わい尽くす！今まで見たことのないHitomiに出会えます！！	2010-01-19	巨乳, 巨乳フェチ, 単体作品, 中出し, パイズリ, 3P・4P, 独占配信		OPPAI		OPPAI	Hitomi（田中瞳）	372845	4.51
ARS-032	ars00032	爆乳パイズリSPECIAL Hitomi - Hitomi（田中瞳）	爆乳Jcup・Hitomiの激パイズリで白濁ザーメンが空中乱舞！両乳で3kgのボインで擦られチンコも大満足！パイズリ状態のまま勢いよくHitomiの顔面めがけ射精！爆乳プリンプリン揺らしながら騎乗位！3Pでマンコも責められ潮吹き昇天パーフェクト絶頂＆圧巻の10連続パイズリ抜き！！	2009-12-11	巨乳, 単体作品, アイドル・芸能人, 潮吹き, パイズリ, 3P・4P, ハイビジョン, 独占配信		嵐を呼ぶスーパーガール	HiroA	嵐を呼ぶスーパーガール	Hitomi（田中瞳）	953492	3.69
ARS-030	ars00030	精子大好きボイン保母さん Hitomi - Hitomi（田中瞳）	エロ過ぎ爆乳保母さん・Hitomi先生の淫らな日常！Jcup震わせ濃厚精子を浴びる！お風呂で洗いっこ＆騎乗位SEX！彼氏の前では甘えんぼうでフェラ＆FUCK！給食の時間に白濁ザーメンぶっかけ10連発！お昼寝前の禁断悶絶SEX！セクハラ園長に叱られ3Pで感じまくり絶頂＆連続顔射！！	2009-11-13	職業色々, 巨乳, 単体作品, ぶっかけ, パイズリ, 3P・4P, ハイビジョン, 独占配信		嵐を呼ぶスーパーガール	桜吹雪	嵐を呼ぶスーパーガール	Hitomi（田中瞳）	790702	4.16
ARS-027	ars00027	爆乳若奥様の誘惑 Hitomi - Hitomi（田中瞳）	嵐を呼ぶJcup爆乳・Hitomiの3本目は若妻！甘ーい裸エプロン生活と禁断の誘惑SEX！朝起きて即FUCK！ダンナが出勤した後に昔の彼氏とSEX！秘密エステサロンでマッサージ師にイカされ、宅配業者のお兄さんを誘惑Hプレイ！奇跡のオッパイぷるぷる振り乱し、悶えまくる！！	2009-10-13	裸エプロン, 若妻・幼妻, 巨乳, 単体作品, 潮吹き, パイズリ, ハイビジョン, 独占配信		嵐を呼ぶスーパーガール	FLAGMAN	嵐を呼ぶスーパーガール	Hitomi（田中瞳）	95075	4.00
ARS-024	ars00024	プライベートティーチャー 先生はJcup芸能人 Hitomi - Hitomi（田中瞳）	Jcup芸能人Hitomiの移籍第2弾は本格ドラマ！グラドルとして活躍しながら家庭教師にも扮し、生徒に教え襲われ大騒ぎ！ご褒美の脱衣ショー＆FUCK！ある日、巻頭グラビアの仕事を狙い週刊誌編集長の息子の家庭教師を引き受けることに…パイズリ＆手コキ・フェラ＆SEXだらけの1本！	2009-09-11	家庭教師, 巨乳, 単体作品, 騎乗位, アイドル・芸能人, パイズリ, ハイビジョン, 独占配信		嵐を呼ぶスーパーガール	ヒフミタツヲ	嵐を呼ぶスーパーガール	Hitomi（田中瞳）	680488	2.52
STAR-177	star00177	芸能人 Hitomi 激イキ激吹きポルチオ - Hitomi（田中瞳）	爆乳JカップのHitomiが、衝撃のSODstar卒業！！最後の作品は、ポルチオ性感帯を刺激で激イキ激吹き！本編での潮吹き回数は、驚愕の30噴射！！マ○コから噴水のように吹き出る潮は圧巻！爆乳ローションマッサージ、女性カウンセラーによる愛撫マッサージ、ポルチオバイブでカウンセリング3Pセックス、濃密カウンセリングセックスと、4コーナーで激イキと激吹きの連続！！	2009-08-23	単体作品, アイドル・芸能人, 潮吹き, デジモ, ポルチオ	芸能人	SODクリエイト	Keita★No.1	SOFT ON DEMAND	Hitomi（田中瞳）	843379	4.88
PPPD-781	pppd00781	中出し後の精子とマン汁まみれのチ○ポをパイズリで再び勃起させる追撃PtoOセックス Hitomi - Hitomi（田中瞳）	PtoOとは…マンコ（プッシー）に挿入して愛液まみれになったチンポを更にパイズリ（おっぱいで挟み）して再び挿入するプレイの事。Hitomiのダイナミックな騎乗位で激しく責められ中出し、立て続けにザーメンで塗れのチンポをパイズリで再び高めて、更におっぱいに発射するか、マンコに挿入して中出しするもあなた次第！当然どちらにも発射可能！絶品名器と世界最高峰のOカップに責め続けられる追撃連射3本番！	2019-08-16	痴女, 巨乳, 単体作品, 騎乗位, 中出し, パイズリ, ハイビジョン, 独占配信		OPPAI		OPPAI	Hitomi（田中瞳）	133509	2.50
PPBD-163	ppbd00163	イクイク大痙攣！！激ピストンおっぱい爆揺れ騎乗位ラッシュBEST - 佐山愛	目の前で弾けるプルルンおっぱい！騎乗位スタイル特有の超視覚的な爆揺れ絶頂アングルに大興奮間違いナシ！縦横無尽に暴れ狂う乳房がエロすぎてイッても終わらない追撃ピストンでゆらゆら天国！これこそオッパイ専門メーカーだから出来る大激震オーガズムラッシュ75コーナーをご覧ください！  【MOODYZキャンペーン30％OFF第3弾】は終了しました。 ※特典情報などの詳細はこちら	2019-07-13	巨乳, スレンダー, 巨乳フェチ, 騎乗位, ベスト・総集編, 超乳, 独占配信	激ピストンおっぱい爆揺れ騎乗位	OPPAI		OPPAI	佐山愛, 波多野結衣, Hitomi（田中瞳）, 春菜はな, JULIA, 小西悠, 篠田ゆう, 神咲詩織, 本田岬, 水野朝陽, 推川ゆうり, 藤咲エレン, 雛菊つばさ, 清城ゆき, 桐谷まつり, 霧島さくら, 平真凛, 君島みお, 黒川さりな, 宝生リリー, 高杉麻里, 冴木りつ, 八乃つばさ, 香坂紗梨, 美国沙耶, 森ほたる, 宝田もなみ, 凛音とうか, 華咲じゅら, 松永さな, 涼木奏, 咲々原リン, 河北麻衣, あいだ飛鳥, 泡沫ゆうき	426173	4.64
PPPD-774	pppd00774	揉み性感刺激オイルマッサージ ムギュっと追撃アクメでエンドレス痙攣絶頂 Hitomi - Hitomi（田中瞳）	超爆乳Oカップを揉みイカせオイルエステ！！Hitomi初めての1本丸ごと性感開発マッサージ！！女性ホルモンを活性化させ体内から美しくなる噂の施術。敏感おっぱいを中心にワシ掴みクラッシュで感度グングン上昇！さらに男性ホルモン膣内マッサージでGスポット直撃おっぱい暴れ狂いエビ反り痙攣＆絶叫爆揺れオーガズムと常に理性ぶっ飛び！しつこいほどにニュルニュル乳房をモミモミまくる3本番＋中出し大量挟射！	2019-07-13	無修正リーク, 巨乳, 単体作品, エステ, マッサージ・リフレ, 中出し, パイズリ, ハイビジョン, 独占配信		OPPAI		OPPAI	Hitomi（田中瞳）	548684	3.01
PPPD-766	pppd00766	無愛想なお隣の巨乳お姉さんと1週間のツンデレ同棲生活 Hitomi - Hitomi（田中瞳）	お隣さん家のHitomiお姉ちゃんは昔から無愛想で冷たくて僕はちょっと苦手…。だけど親同士仲が良く、ウチの親が旅行に行く一週間僕の面倒を見てくれることになった！ぶっきらぼうな態度とは裏腹に積極的に絡んでくるお姉ちゃん！僕のAVを勝手に見たり、スク水でお風呂に乱入してきたり…！そしてふと気づく。姉ちゃん、実は僕のこと…？完全主観で体験するツンデレ爆乳Hitomiお姉ちゃんとの同棲生活！	2019-06-15	無修正リーク, 恋愛, お姉さん, 巨乳, ツンデレ, 単体作品, 中出し, ハイビジョン, 独占配信	無愛想なお隣の巨乳お姉さんと1週間のツンデレ同棲生活	OPPAI		OPPAI	Hitomi（田中瞳）	168927	4.07
PPBD-159	ppbd00159	射精寸前の超快感パイズリラッシュ100連発 オッパイでいっぱいイッちゃってぇ挟射スペシャル - 佐山愛	【おっぱい好き必見！！射精直前の全力パイズリ高速シェイク…これって乳テクで一番輝いている瞬間だと思いませんか！？】大量挟射する寸前の2～3分を厳選収録した超快感パイズリ乳圧迫ホールド100連発ノンストップスペシャル！！巨乳専門メーカー:OPPAIだから出来る神乳＆爆乳＆超乳ぷるるんオンパレード！！	2019-05-16	巨乳, 巨乳フェチ, パイズリ, ベスト・総集編, 超乳, 独占配信	射精寸前の超快感パイズリラッシュ100連発	OPPAI		OPPAI	佐山愛, めぐり（藤浦めぐ）, 波多野結衣, Hitomi（田中瞳）, 椎名ゆな, 春菜はな, 西條るり, JULIA, 菜月アンナ, 小西悠, 篠田ゆう, 沖田杏梨, 神咲詩織, 尾上若葉, 浜崎真緒, 本田莉子, 吉川あいみ, 吉永あかね, 水野朝陽, 保坂えり, 推川ゆうり, 愛実れい, 川菜美鈴, 篠田あゆみ, 澁谷果歩, 風音舞香, 香山美桜, 西条沙羅, 河西希, 折原ほのか, 甘良しずく, 大井結仁, 一ノ瀬なつき, 香椎りあ, 浅田結梨, 天音ありす, 相澤ゆりな, 吹石れな, 成宮みこと, 笹倉杏, 星空キラリ, 舞野いつき, 河音くるみ, 浅美結花, 藤咲エレン, 三島奈津子, 彩奈リナ（七原あかり）, 岡沢リナ, 初野こころ, 泉ののか, 玉木なるみ, 白石りん, 清城ゆき, 成海さやか, 霧島さくら, 平真凛, 君島みお, 真白ここ, 冴木りつ, 祈里きすみ, 香坂紗梨, 美国沙耶, 仲間明日香, 森ほたる, 宝田もなみ, 凛音とうか, 安田亜衣, 相沢夏帆, 雛鶴みお, 日向うみ, 咲々原リン, 浅井梨杏, 河北麻衣, あいだ飛鳥, 泡沫ゆうき, 百瀬とあ, 羽生アリサ（羽生ありさ）	192348	2.61
PPPD-759	pppd00759	爆乳専門おっパブ店のOcup嬢はハッスルタイムで中出し本番 Hitomi - Hitomi（田中瞳）	爆乳しか在籍しないおっぱいパブ！そこに在籍する爆乳の中の爆乳…超乳Oカップ嬢Hitomi！彼女は我々がかつて体験したことがないおっパブ体験を味あわせてくれる！抱きつかれただけで顔面をすっぽりと覆われる！こっそり店内でパイズリされてもチンポは隠れて問題なし！個室プレイでは世界最高の爆乳を思う存分味わいながら中出し出来るVIP体験！Hitomiでしか味わえないおっパブ体験をお楽しみください！	2019-05-16	無修正リーク, キャバ嬢・風俗嬢, 巨乳, 単体作品, 騎乗位, 中出し, パイズリ, ハイビジョン, 独占配信		OPPAI		OPPAI	Hitomi（田中瞳）	428309	3.18
PPPD-752	pppd00752	友達の教育ママを乳奴● Hitomi 〜逆恨みDQN少年たちの中出し専用おっぱい肉便器〜 - Hitomi（田中瞳）	【Hitomi初の教育ママ＆インテリ眼鏡】息子の友達は異常性欲DQN少年…叱られたことを逆恨みして卑怯な脅迫開始。そして憧れのママオッパイをヤリたい放題しまくり、世間体と愛する息子を守る為に乳奴●へと堕ちていく！！≪自宅襲撃乳揉みレ×プ・風呂乱入パイズリ強要・爆揺れ立ちバックSEX・声ガマン放置アクメ・顔面精液ぶっかけ・連続中出し輪●SEX≫と乳凌●はエスカレートしていく！！	2019-04-13	辱め, 巨乳, めがね, 単体作品, ショタ, 中出し, ハイビジョン, 独占配信	友達の教育ママを乳奴●	OPPAI		OPPAI	Hitomi（田中瞳）	337155	4.57
PPPD-745	pppd00745	彼氏に30日間禁欲させられケダモノになった巨乳をおれが先に寝取ってめちゃめちゃヤリまくってやった Hitomi - Hitomi（田中瞳）	僕と彼女は1ヶ月Hを我慢して最高のSEXをする「禁欲プレイ」の真っ最中。だけど楽しみにしてた念願の31日目にまさかの出張！Oカップ彼女はHおあずけで性欲120％野獣状態！信じていた親友が…そんな彼女を押し倒す！「ごめんね…我慢しすぎて我慢できなかったの…」ずっと楽しみにしてたのに…。禁欲開放Hを横取りしたアイツはメス覚醒したおれの恋人とケダモノみたいに何度もヤリまくり！裏切りのド淫乱性交！！	2019-03-16	無修正リーク, 巨乳, 単体作品, 淫乱・ハード系, 寝取り・寝取られ・NTR, 中出し, パイズリ, ハイビジョン, 独占配信	彼氏に30日間禁欲させられケダモノになった巨乳をおれが先に寝取ってめちゃめちゃヤリまくってやった	OPPAI		OPPAI	Hitomi（田中瞳）	744677	2.31
TSDS-46066	tsds46066	Present/沖田杏梨	120cmのバストと106cmのヒップを備えた「人類最強ボディ」で圧倒するセクシー美女・沖田杏梨ちゃんのイメージ。久々のイメージ撮影となる今回は過激なシースルー衣装を披露し、色気たっぷりに誘惑する。  【※この作品はイメージビデオです】	2023-08-25	巨乳, 巨尻, 単体作品, イメージビデオ, ハイビジョン		竹書房		ブルックリン（竹書房）	沖田杏梨	225667	4.64
REAL-700	real00700	下品なデカチチ女をこれでもかとイカせまくる！巨乳女イカセ240分 - 波多野結衣		2019-06-28	巨乳, 淫乱・ハード系, 縛り・緊縛, 電マ, ベスト・総集編, 4時間以上作品, ハイビジョン, アクメ・オーガズム		レアルワークス	K太郎	REAL（レアルワークス）	波多野結衣, 羽月希, 篠田ゆう, 沖田杏梨, 上原亜衣, 尾上若葉, 浜崎真緒, 吉川あいみ, 水野朝陽, 千乃あずみ, 穂高ゆうき, 篠田あゆみ, 七草ちとせ, 木南日菜, 澁谷果歩, 三原ほのか, 江上しほ, 佐々木あき, 高杉麻里	635037	2.24
REAL-675	real00675	絶頂＆痙攣イキ カラダをビクつかせてイク女達 - 沖田杏梨		2018-05-11	拘束, 淫乱・ハード系, 縛り・緊縛, 電マ, ベスト・総集編, ハイビジョン		レアルワークス	K太郎	REAL（レアルワークス）	沖田杏梨, 上原亜衣, 尾上若葉, 浜崎真緒, 佐倉絆	459760	4.12
MDB-877	mdb00877	王様気分が思う存分味わえる4時間BEST - 波多野結衣		2018-03-23	巨乳, 中出し, ハーレム, ベスト・総集編, ハイビジョン		BAZOOKA	K太郎	BAZOOKA（バズーカ）	波多野結衣, 大槻ひびき, 篠田ゆう, 沖田杏梨, さとう遥希, 上原亜衣, 倉多まお, 浜崎真緒, 蓮実クレア, 水野朝陽, 乙葉ななせ, 阿部乃みく, 篠田あゆみ, 佐々木あき, あおいれな, 吹石れな, 麻里梨夏, あず希, 霧島さくら	762348	3.42
REAL-667	real00667	阿鼻叫喚 絶叫潮吹き 4時間BEST - AIKA		2018-02-09	拘束, 鬼畜, 淫乱・ハード系, 潮吹き, 縛り・緊縛, 拷問, ベスト・総集編, 4時間以上作品, ハイビジョン		レアルワークス	K太郎	REAL（レアルワークス）	AIKA, 沖田杏梨, 上原亜衣, あべみかこ, 浜崎真緒, 水野朝陽, 愛須心亜, 宮崎あや, 佐倉絆, 澁谷果歩, 椎名そら, 天野美優	33306	2.14
BDSR-330	bdsr00330	★配信限定特典付★これで抜けなかったら神。出し惜しみ一切なしの最強打線！細いのに巨乳な最高ボディ美女のガッチガチ生本番濃厚セックス。12人4時間 - かすみ果穂	★FANZA配信限定・特典映像付★決して油断するな！秒速でヌかれるぞ…。全員4番バッターの妥協ゼロな最高のキャスト陣が織り成す即抜き不可避の生々しいセックス。リアルドキュメンタリーならではの会話から見え隠れするSSS級女優の‘素’の表情。ガマン汁溢れるデカチ○ポを潤んだ瞳で丁寧にフェラチオし、勢いに任せてナマ挿入…。 ★特典★『中出し人妻不倫旅行 倉多まお』より ‘ほどよくムッチリしている清楚で初々しい雰囲気のなんとも可愛らしい人妻が、恥じらいつつもイキまくる！’他	2018-01-25	巨乳, スレンダー, ランジェリー, 尻フェチ, ハメ撮り, 4時間以上作品, ハイビジョン		ビッグモーカル	メカテス武田	BIGMORKAL	かすみ果穂, JULIA, 沖田杏梨, 小倉ゆず, 小早川怜子, 本田莉子, 鈴村いろは, 三原ほのか	359783	2.08
MKMP-209	mkmp00209	KMP15周年記念特別企画！！超人気鉄板企画100タイトル超豪華8時間スペシャル - 及川奈央		2017-12-08	女子校生, 巨乳, 中出し, 縛り・緊縛, ハーレム, ベスト・総集編, ハイビジョン	KMP15周年特別企画	ケイ・エム・プロデュース	K太郎	million（ミリオン）	及川奈央, 早坂ひとみ, 小沢菜穂, 紫艶, つぼみ, 川上ゆう（森野雫）, 波多野結衣, みづなれい（みずなれい）, シェリー（Shelly、藤井シェリー）（しぇりー）, 成瀬心美（ここみ）, 北条麻妃, 友田彩也香, 麻倉憂, 北川エリカ, JULIA, 星美りか, 有村千佳, AIKA, 沖田杏梨, 神咲詩織, さとう遥希, みなせ優夏, 上原亜衣, 春原未来, あべみかこ, 蓮実クレア, 吉永あかね, 水野朝陽, 桜井あゆ, 湊莉久, 川菜美鈴, 乙葉ななせ, 篠田あゆみ, 美咲かんな, なつめ愛莉, 波木はるか, 椎名そら, あおいれな, 麻里梨夏, 河南実里, 霧島さくら	201322	2.30
REAL-658	real00658	絶対不動！！拘束BEST240分 - 川上ゆう（森野雫）		2017-11-24	拘束, 淫乱・ハード系, 縛り・緊縛, ベスト・総集編, ハイビジョン		レアルワークス	K太郎	REAL（レアルワークス）	川上ゆう（森野雫）, 波多野結衣, シェリー（Shelly、藤井シェリー）（しぇりー）, 大槻ひびき, 椎名ゆな, 宇佐美なな, 沖田杏梨, 上原亜衣, 南梨央奈, 丘咲エミリ, 春原未来, 藤嶋唯, 初美沙希, 尾上若葉, 浜崎真緒, 板野有紀, 吉川あいみ, 卯水咲流, 原千草, 愛須心亜, 森沢かな（飯岡かなこ）, 乙葉ななせ, 阿部乃みく, 内村りな, 千乃あずみ, 橘優花, 篠田あゆみ, 佐倉絆, 澁谷果歩, 渚うるみ, 椎名そら	230876	4.97
HMJM-042	hmjm00042	巨乳ベスト6時間06 - 沖田杏梨		2017-08-26	家庭教師, 巨乳, スレンダー, ベスト・総集編, 4時間以上作品, ハイビジョン	SEX by HMJM ハマジムベスト	HMJM		HMJM	沖田杏梨, 坂上ゆあ, 新山かえで, 園田セイラ, 小早川怜子, 立川理恵	476816	4.32
OFJE-100	ofje00100	【初回限定】撮りおろしオリジナルジャケット仕様 新年度エスワン2017 超一流女優100名詰め込んだ極上姫祭！オールSEX12時間スペシャル - 吉沢明歩		2017-04-15	美少女, 巨乳, スレンダー, 巨尻, 4時間以上作品, 独占配信	S1 GIRLS COLLECTION	エスワン ナンバーワンスタイル		S1 NO.1 STYLE	吉沢明歩, 麻美ゆま, 佐山愛, かすみりさ, めぐり（藤浦めぐ）, 明日花キララ, 希志あいの, 希崎ジェシカ, 佳山三花, 源みいな, 渚ことみ, 秋山祥子, 春菜はな, 瑠川リナ, 西條るり, 葵つかさ, 真木こころ, 笹原りむ, 菜月アンナ, 篠原杏, 新山らん, 上原保奈美, 沖田杏梨, 奥田咲, 水川菜々子, 市川まほ, 小島みなみ, 堀咲りあ, 鶴田かな, 御厨あおい, アンジェ, 夏風まりん, 芦名ユリア, 成田つかさ, 仲里紗羽, 佐々木りのあ, ティア, 中野えりか, 倉多まお, 伊藤りな, 星野ナミ, 月奈もえ, 本田岬, きみと歩実, 桜井彩, 吉川あいみ, 倉持結愛, 緒川りお, 夢乃あいか, みほの（坂口みほの）, 湊莉久, 推川ゆうり, 石原あずさ, 伊東紅, 美里有紗, 愛沢かりん, さくらえな, あおば結衣, 庵野杏, 成海うるみ, 藍沢潤, 天使もえ, 白石悠, 涼木みらい, 雅さやか, 美咲かんな, 森はるら, 西原里伊奈, 美竹すず, あかね杏珠, 宇多田みか, 篠崎ゆう, 早乙女美々, 椿あいの, 永倉せな, 陽咲希美, 園田みおん, RION, 小野寺梨紗, 鳴沢ゆり, 相澤ゆりな, 橋本ありな (新ありな), 北川ゆず, 羽咲みはる, 白石真琴, あかり美来, 妃月るい, 池井戸エミリ, 笹川りほ, 翼, 悠月アイシャ	454356	3.05
REAL-621	real00621	REALガチ売上BEST55！！ 2010-2016 - 村上涼子（中村りかこ、黒木菜穂）		2017-01-27	女子校生, 痴女, 手コキ, 縛り・緊縛, ベスト・総集編, 4時間以上作品, ハイビジョン		レアルワークス	ジーニアス膝	REAL（レアルワークス）	村上涼子（中村りかこ、黒木菜穂）, つぼみ, 川上ゆう（森野雫）, 波多野結衣, みづなれい（みずなれい）, 成瀬心美（ここみ）, 友田彩也香, 大沢美加（廣田まりこ）, 管野しずか, 前田陽菜, 沖田杏梨, さとう遥希, 上原亜衣, 愛須心亜	864713	3.77
PPBD-131	ppbd00131	100人もの巨乳美女達にたっぷり孕ませ中出しSEX100通り - 杏美月	100人の巨乳美女達に思いっきり気持ちのいい中出し射精をする瞬間100通りを集めた巨乳好きにも、中出し好きにも、射精好きにもお勧めのベスト！！中出し直前に激しいピストンで大きなおっぱいがバインバインと縦横無尽に揺れまくる！1億匹の精子をたーっぷり膣奥深くに孕ませ中出し！！	2016-09-17	巨乳, 巨乳フェチ, 中出し, ベスト・総集編, 独占配信		OPPAI		OPPAI	杏美月, 佐山愛, めぐり（藤浦めぐ）, 波多野結衣, 長澤あずさ, Hitomi（田中瞳）, 椎名ゆな, 青空小夏, 北川エリカ, 平山薫, 西條るり, JULIA, 仁科百華, 菜月アンナ, 北川瞳, 秋吉ひな, 沖田杏梨, 響まゆ, 辻井美穂, 持田美琴, 及川はるな, 美緒みくる, 枢木みかん, 舞咲みくに, 新山かえで, 尾上若葉, 浜崎真緒, 北乃ちか, 小西なつみ, 野宮さとみ, 本田莉子, 吉川あいみ, 吉永あかね, 水野朝陽, 保坂えり, 立川理恵, 茜あずさ, 原千草, ももい理乃, 推川ゆうり, 塚田詩織, さとう愛理, 長谷部ゆい, 仲村茉莉恵, 岸杏南, 穂高ゆうき, 里咲しおり, 松本ほのか, 篠田あゆみ, ステイシー, 松嶋葵, 七草ちとせ, 澁谷果歩, 香山美桜, 森はるら, 星野ひびき, 美月アンジェリア（アンジェリア）, 篠原舞, 河西希, 潮絢那, すなお恵, 桜ちなみ, 徳永亜美, 甘良しずく, 愛乃まほろ, 大井結仁, 宮森なほ, 成宮みこと, 笹倉杏, 水野らん, 三上絵理香, 霧島さくら	965340	4.41
MIZD-035	mizd00035	デカチン超硬勃起ガポッじゅるフェラBEST - 妃乃ひかり	ガッチガチの超硬デカチンを嬉しそうに頬張り、舐め上げ、貪り、喉奥までズボズボ咥え続ける超シコれるフェラチオBESTです！デカチンのみのロングストロークフェラがエロイ！フェラマニアが厳選した、ガポッと咥え、じゅるっと吸い上げる、名人芸の域に達した極上のフェラチオ！涎、唾液が溢れまくり、ぬるべちょクチマンコは最高の気持ち良さ！フェラの極みがここにあります！！	2016-09-11	痴女, 巨乳, スレンダー, キス・接吻, フェラ, ベスト・総集編, デジモ, 独占配信		ムーディーズ		MOODYZ Best	妃乃ひかり, 芦名未帆（稲森しほり）, 早川瀬里奈, 佐山愛, 大橋未久, Hitomi（田中瞳）, 里美ゆりあ, 秋山祥子, JULIA, 吉川ゆあ, 武藤クレア, 前田陽菜, AIKA, 沖田杏梨, 神咲詩織, 倉多まお, 蓮実クレア, 本田莉子, 西川ゆい, 千乃あずみ, 澁谷果歩, 大島美緒	438426	3.11
MIZD-025	mizd00025	痴女のおしゃぶり4時間 - つぼみ		2016-08-01	痴女, フェラ, ごっくん, デジモ, ベスト、総集編		MOODYZ			つぼみ, 佐山愛, 里美ゆりあ, 沖田杏梨, 神咲詩織, さとう遥希, 桜井あゆ, 水谷あおい, 澤村レイコ, 乃々果花	32128	4.05
RBB-100	rbb00100	おっぱいで重要な「形」「大きさ」「さわり心地」の黄金比が完璧な神乳8時間 Ver.3 - 春菜はな		2016-07-19	美乳, 巨乳, 巨乳フェチ, 4時間以上作品, ベスト、総集編		ROOKIE			春菜はな, JULIA, 沖田杏梨, 鈴木真夕, 月奈もえ, 愛乃なみ, 夢乃あいか, 逢田みなみ, あかぎ碧, 彩奈リナ	974557	3.85
CJOB-013	cjob00013	痴女だらけとボク1人BEST パートII 天国or地獄のハーレムプレイ4時間 - 鏡麗子		2016-06-25	痴女, 中出し, 淫語, 3P、4P, ベスト、総集編	痴女だらけとボク1人BEST	美			鏡麗子, かすみりさ, 波多野結衣, 長澤あずさ, 里美ゆりあ, 有沢りさ, 沖田杏梨, 水野朝陽, 安野由美, 滝川恵理	739188	4.11
PPBD-123	ppbd00123	巨乳娘と毎日日替わりSEX豪華3ヶ月分91人8時間BEST - 佐山愛	爆乳娘の様々なシチュエーションのセックスが日替わりで3ヶ月も見れるスーパーお得過ぎるベストが登場！！毎日1人をおかずにオナニーしても91人収録されているので3ヶ月は新鮮なオナペットを相手にできちゃう贅沢仕様！JULIA/めぐり/Hitomi/佐山愛/澁谷果歩/尾上若葉/水野朝陽/などOPPAIが誇る人気女優と夢のヤリ放題SEXライフ！	2016-05-15	巨乳, 巨乳フェチ, 中出し, パイズリ, ベスト・総集編, 独占配信		OPPAI		OPPAI	佐山愛, めぐり（藤浦めぐ）, 波多野結衣, Hitomi（田中瞳）, 椎名ゆな, 北川エリカ, 西條るり, JULIA, 菜月アンナ, 北川瞳, 秋吉ひな, 沖田杏梨, 希咲エマ（HARUKI、加藤はる希）, 枢木みかん, 舞咲みくに, 小早川怜子, 尾上若葉, 倉多まお, 浜崎真緒, 北乃ちか, 野宮さとみ, 本田莉子, 愛乃なみ, 桜咲ひな, 吉永あかね, 水野朝陽, 月本るい（宮原友里絵）, 保坂えり, 立川理恵, 茜あずさ, 原千草, 西川りおん, 椎名まりな, 推川ゆうり, 愛実れい, 川菜美鈴, 塚田詩織, 西條カレン, 白咲梓, さとう愛理, 長谷部ゆい, 堀北七海, 仲村茉莉恵, 岸杏南, 穂高ゆうき, 里咲しおり, 篠田あゆみ, 水咲あかね, ステイシー, 松嶋葵, 七草ちとせ, 逢沢ふみ奈, 澁谷果歩, 風音舞香, 中山理莉, 桜ももい, 夕城芹, 森はるら, 稀夕らら, 星野ひびき, 西条沙羅, 雪本香奈, 中村知恵, 美月アンジェリア（アンジェリア）, 篠原舞, 河西希, 潮絢那, すなお恵, 桜ちなみ, 折原ほのか, 徳永亜美, 甘良しずく, 青山ひな, 沖田奈々, 愛乃まほろ, 大井結仁, 霧生ゆきな, 一ノ瀬なつき, 宮森なほ, 彩奈リナ（七原あかり）, 霧島さくら	358437	4.27
RBB-093	rbb00093	無防備すぎるスケベお姉さんをたらしこむ、いたずら大好きおねショタえっち 8時間 - 森ななこ	子供の頃、大人の女性に憧れていた男性諸君必見！小さいな男の子が年上の女性にHないたずらをしちゃいます！悪ガキ・童貞少年・マセガキなど様々なショタが登場する作品！	2016-05-15	お姉さん, 巨乳, 淫乱・ハード系, ショタ, パイズリ, 独占配信		ROOKIE		ROOKIE	森ななこ, 杉山あゆみ, 美原咲子, 春菜はな, 立花みずき, JULIA, 新山らん, 沖田杏梨, 本田莉子, 推川ゆうり, 篠田あゆみ, 東凛, 西条沙羅, 潮絢那	445569	3.13
MIMK-044	mimk00044	AV引退×クリムゾン エロ漫画家に囚われた沖田杏梨		2016-05-08	巨乳, レズ, 単体作品, マッサージ・リフレ, 原作コラボ, ハイビジョン, 独占配信	クリムゾンコラボ	ムーディーズ	きとるね川口	まんきつ	沖田杏梨, 春原未来	559786	3.61
MIZD-010	mizd00010	激しく突かれて激しく揺れる巨乳固めバックFUCK！！ - めぐり（藤浦めぐ）	バックで激しく突かれる女たち！巨乳美女限定！！しっかりホールドされた腰を後ろからガンガン突きまくる！チンコを突くたびに大きなおっぱいが縦に横にぶるんぶるん！！最高の景色を大満足にたっぷりお届けします！！	2016-05-08	美少女, 巨乳, 巨乳フェチ, 尻フェチ, ベスト・総集編, デジモ, 独占配信		ムーディーズ		MOODYZ Best	めぐり（藤浦めぐ）, Hitomi（田中瞳）, 桐原エリカ, 秋山祥子, 周防ゆきこ, 小向美奈子, 西條るり, JULIA, 秋吉ひな, ももかさくら, AIKA, 沖田杏梨, 神咲詩織, 鈴木あいか, 長谷川リホ, 新山かえで, 尾上若葉, 大場ゆい, 吉川あいみ, 水野朝陽, 鈴木心春, 西川ゆい, 原千草, 乙葉ななせ, さとう愛理, 香山美桜	878788	2.39
PBD-324	pbd00324	敏感極上ボディのお姉さん 31人と日替わりセックス - かすみ果穂	アナタ好みのカラダがきっと見つかる！男なら一度はハメたい、反応バツグンのゴージャスボディ集大成ベストが完成！爆乳、クビレ、エロ尻、美脚、美マン…スタイルの良さはもちろん、各パーツの卑猥さにまでトコトンこだわった選りすぐりのエロボディお姉さん31人が集結！日替わりであらゆるボディを楽しめる実用性バツグンの一作！	2016-04-30	お姉さん, ベスト・総集編, デジモ, 独占配信		プレミアム		PREMIUM BEST	かすみ果穂, 小川あさ美, KAORI, 早川瀬里奈, 冬月かえで, 波多野結衣, 里美ゆりあ, 椎名ゆな, 神ユキ, 秋吉ひな, AIKA, 沖田杏梨, 倉多まお, 浜崎真緒, 蓮実クレア, 本田莉子, 大場ゆい, 卯水咲流, 吉永あかね, 水野朝陽, 湊莉久, 乙葉ななせ, 穂高ゆうき, 篠田あゆみ, ステイシー, 松嶋葵, 星空もあ, 香山美桜, サリー, 朝日奈るみな（芽森しずく）	234088	4.08
BMW-129	bmw00129	WANZFACTORY 2015年全157タイトル16時間総集編 - 二宮沙樹	ワンズファクトリーが2015年に発表した全157タイトルの総集編です！超お買い得な作品！人気作品の中からヌケるシーンを厳選して収録！どこから見てもシコれる、バラエティに富んだ作品です。美少女からお姉さん、凌●、コスプレ、中出しモノと何でも入っております。この機会に是非、見たことのないジャンルもお試しください！	2016-04-27	辱め, 巨乳, 尻フェチ, 中出し, ベスト・総集編, 独占配信		ワンズファクトリー		WANZ	二宮沙樹, かすみ果穂, 早川瀬里奈, つぼみ, 京野明日香, ERIKA（モカ、MOKA）, 川上ゆう（森野雫）, 紺野ひかる, 澤村レイコ（高坂保奈美、高坂ますみ）, 波多野結衣, シェリー（Shelly、藤井シェリー）（しぇりー）, 水谷心音（藤崎りお）, 麻倉憂, 神ユキ, 有村千佳, AIKA, 沖田杏梨, 春原未来, 松本メイ, 尾上若葉, あべみかこ, 倉多まお, 蓮実クレア, 神波多一花, 本田莉子, 大場ゆい, 吉川あいみ, 吉永あかね, 水野朝陽, みほの（坂口みほの）, 湊莉久, 西川ゆい, 森沢かな（飯岡かなこ）, 推川ゆうり, 川村まや, 乙葉ななせ, 千乃あずみ, 裕木まゆ, 林ゆな, さとう愛理, 真野ゆりあ, 青山未来, 成海うるみ, 浅倉愛, 篠田あゆみ, 澁谷果歩, 香山美桜, 一色里桜, 杏, 青山えりか, 雨乃しずく, 水沢みゆ, 西条沙羅, 水原アキ, 相葉りな, なつめ愛莉, 潮絢那, 徳永亜美, 森内香奈美, 花衣みさき	43815	4.30
CJOB-010	cjob00010	丸ごと1年分全作全シーン網羅 269 痴女ヘブン革命期2015年 61タイトル8時間 - 小川あさ美	年に一度のお祭り作品が遂に登場！美から痴女ヘブンに生まれ変わった激動の2015年269コーナーを完全網羅！無制限シリーズから中出しソープが3作品、男が気持ち良くなることに特化した亀頭責めまくり作品が2作品、男を責める3人の痴女シリーズも収録！澁谷果歩、川上ゆう、AIKA、安野由美、三浦恵理子etc…人気女優ばかりのラインナップ！もう一度見たいあの作品や知らなかった掘り出し作品で抜きまくり！	2016-04-23	痴女, お姉さん, 巨乳, 淫語, ベスト・総集編, 独占配信		痴女ヘブン		痴女ヘブンBEST	小川あさ美, 川上ゆう（森野雫）, 波多野結衣, 菅野さゆき, 北川エリカ, 西條るり, AIKA, 沖田杏梨, 長谷川リホ, 三浦恵理子, 倉多まお, 蓮実クレア, 一条綺美香, 卯水咲流, 水野朝陽, 湊莉久, 西川ゆい, 新山沙弥, 千乃あずみ, 有森涼（事原みゆ）, 穂高ゆうき, 安野由美, 篠田あゆみ, 水咲あかね, 松嶋葵, 柏木胡桃, 澁谷果歩, 香山美桜, 神尾舞, 星野ひびき, 上原果歩, 美月アンジェリア（アンジェリア）, 越川アメリ, 早川伊織, 彩奈リナ（七原あかり）	62893	4.68
RBB-091	rbb00091	発射寸前！我慢汁垂れ流しの気持ちいいフェラチオ316連射16時間第5弾 - 吉沢明歩	超絶大人気フェラチオベスト第5弾が登場！！フィニッシュ直前の最高に気持ち良すぎるフェラだけを完全収録！イヤらしい音を立てながらチ○ポを頬張る女はマジエロ過ぎ！いろんなフェラを集めたSS級口マンコ総勢316人！マンコよりも気持ちいいクチマンコでしゃぶられ続けるフェラチオ好き必見の永久保存版！	2016-04-16	フェラ, 顔射, ベスト・総集編, 独占配信, 16時間以上作品	発射寸前！ 我慢汁垂れ流しの気持ちいいフェラチオ	ROOKIE		ROOKIE	吉沢明歩, 西野翔, かすみ果穂, 翔田千里, 早川瀬里奈, つぼみ, 初音みのり, 佐山愛, 川上ゆう（森野雫）, 明日花キララ, 澤村レイコ（高坂保奈美、高坂ますみ）, 希志あいの, 並木優, 石原莉奈, 波多野結衣, Hitomi（田中瞳）, 里美ゆりあ, 朝日奈あかり, 北条麻妃, 椎名ゆな, 天海つばさ, 麻倉憂, 周防ゆきこ, JULIA, 神ユキ, 葵つかさ, 有村千佳, 新山らん, AIKA, 沖田杏梨, 奥田咲, さとう遥希, 小島みなみ, 川上奈々美, 音無かおり, 松本メイ, ティア, あべみかこ, 倉多まお, 白木優子, 星野ナミ, 蓮実クレア, 本田岬, きみと歩実, 本田莉子, 大場ゆい, 吉川あいみ, 緒川りお, 水野朝陽, 夢乃あいか, 鈴木心春, 桜井あゆ, 西川ゆい, 推川ゆうり, 石原あずさ, 希島あいり, 乙葉ななせ, 有森涼（事原みゆ）, 塔堂マリエ, 東凛, 夏希みなみ, なごみ, 桜木優希音, 七草ちとせ, 雅さやか, 木南日菜, 美竹すず, 水原アキ, 中村知恵, 三喜本のぞみ, サリー, 果瀬はるな, 園田みおん, ほしの景子	511211	4.51
PPBD-121	ppbd00121	ノンストップでおっぱいが揺れまくる巨乳ならではのフェラチオ8時間BEST - 杏美月	舐めるの大好きボイン美女達が自慢の巨乳を揺らしながらしゃぶりまくる！おっぱい大好きメーカーOPPAIだからこその巨乳が見易いアングルで「おっぱい好き」にも「フェラチオ好き」にも納得のフェラチオ映像集！200越えの大量フェラシーンをノンストップで収録！	2016-04-16	美乳, 巨乳, 巨乳フェチ, フェラ, デカチン・巨根, ベスト・総集編, 独占配信		OPPAI		OPPAI	杏美月, 佐山愛, めぐり（藤浦めぐ）, 波多野結衣, Hitomi（田中瞳）, 椎名ゆな, 北川エリカ, 西條るり, JULIA, 菜月アンナ, 北川瞳, 秋吉ひな, 沖田杏梨, 希咲エマ（HARUKI、加藤はる希）, 枢木みかん, 舞咲みくに, 小早川怜子, 尾上若葉, 倉多まお, 浜崎真緒, 北乃ちか, 野宮さとみ, 本田莉子, 愛乃なみ, 桜咲ひな, 吉永あかね, 水野朝陽, 月本るい（宮原友里絵）, 保坂えり, 立川理恵, 茜あずさ, 吉澤留美, 原千草, ももい理乃, 西川りおん, 椎名まりな, 推川ゆうり, 愛実れい, 川菜美鈴, 塚田詩織, 西條カレン, 白咲梓, さとう愛理, 長谷部ゆい, 堀北七海, 仲村茉莉恵, 岸杏南, 穂高ゆうき, 里咲しおり, 篠田あゆみ, 水咲あかね, ステイシー, 松嶋葵, 七草ちとせ, 逢沢ふみ奈, 風音舞香, 中山理莉, 香山美桜, 桜ももい, 夕城芹, 森はるら, 星野ひびき, 西条沙羅, 雪本香奈, 中村知恵, 美月アンジェリア（アンジェリア）, 篠原舞, 河西希, 潮絢那, すなお恵, 桜ちなみ, 折原ほのか, 徳永亜美, 甘良しずく, 青山ひな, 愛乃まほろ, 大井結仁, 霧生ゆきな, 一ノ瀬なつき, 宮森なほ, 霧島さくら	196778	2.91
MIDE-324	mide00324	Lcup 超爆乳インストラクター 沖田杏梨	沖田杏梨                                                      3週間前                                                                                            呼吸してます。 太りましたが、 なかなかむっちりも良いもんです。 もう少し、まっててね。	2016-04-09	インストラクター, 痴女, 巨乳, 単体作品, パイズリ, デジモ, ハイビジョン, 独占配信	超爆乳インストラクター	ムーディーズ	キョウセイ	MOODYZ DIVA	沖田杏梨	442619	2.89
BMW-127	bmw00127	沖田杏梨8時間	沖田杏梨                                                      3週間前                                                                                            呼吸してます。 太りましたが、 なかなかむっちりも良いもんです。 もう少し、まっててね。	2016-03-26	辱め, 痴女, 単体作品, 中出し, パイズリ, 独占配信, 女優ベスト・総集編	○○8時間（ワンズファクトリー）	ワンズファクトリー		WANZ	沖田杏梨	843668	4.61
PPPD-451	pppd00451	彼女のお姉さんは巨乳と中出しOKで僕を誘惑 沖田杏梨	沖田杏梨                                                      3週間前                                                                                            呼吸してます。 太りましたが、 なかなかむっちりも良いもんです。 もう少し、まっててね。	2016-03-13	お姉さん, 巨乳, 単体作品, 姉・妹, 中出し, パイズリ, ハイビジョン, 独占配信	彼女の●●さんは巨乳と中出しOKで僕を誘惑	OPPAI		OPPAI	沖田杏梨	295238	3.03
MIBD-995	mibd00995	極上女優限定！贅沢ハーレム逆3P23本番 - 南波杏		2016-03-13	巨乳, デジモ, 3P、4P, ベスト、総集編		MOODYZ			南波杏, 北島優, 里美ゆりあ, 周防ゆきこ, 菅野さゆき, JULIA, 北川瞳, 沖田杏梨, Maika, 黒沢英里奈	573732	4.98
MIDE-316	mide00316	爆乳ボンデージ×拘束サークル 沖田杏梨	沖田杏梨                                                      3週間前                                                                                            呼吸してます。 太りましたが、 なかなかむっちりも良いもんです。 もう少し、まっててね。	2016-03-10	拘束, SM, 単体作品, コスプレ, デジモ, 超乳, ハイビジョン, 独占配信		ムーディーズ	きとるね川口	MOODYZ DIVA	沖田杏梨	556630	4.52
BMW-124	bmw00124	おっぱいパフパフ挟み上げパイズリBEST - かすみ果穂	柔らかいオッパイが勃起チ○ポを丸ごと包み込む密着パイズリスペシャル！！目の前でイヤらしく激しく上下に動く乳房と乳首は最高の視覚的エロス！！挟みシゴかれ限界を迎えたチ○ポから勢いよくザーメン発射！！総勢30名の柔乳超快感パイズリセレクションをご覧ください。	2016-02-27	巨乳, 巨乳フェチ, パイズリ, ベスト・総集編, 独占配信		ワンズファクトリー		WANZ	かすみ果穂, つぼみ, 波多野結衣, 西條るり, 菜月アンナ, 上原保奈美, 沖田杏梨, 佳苗るか, 松本メイ, 尾上若葉, 倉多まお, 本田莉子, 吉川あいみ, 吉永あかね, 茜あずさ, 西川ゆい, 西川りおん, 千乃あずみ, 篠田あゆみ, 香山美桜, 西条沙羅	789750	3.59
MIDE-307	mide00307	奴●人妻オークション 沖田杏梨	沖田杏梨                                                      3週間前                                                                                            呼吸してます。 太りましたが、 なかなかむっちりも良いもんです。 もう少し、まっててね。	2016-02-11	人妻・主婦, 巨乳, 単体作品, ドラマ, デジモ, ハイビジョン, 独占配信	奴●人妻オークション	ムーディーズ	キョウセイ	MOODYZ DIVA	沖田杏梨	642801	2.68
GASO-067	gaso00067	沖田杏梨はオレのカノジョ。	沖田杏梨                                                      3週間前                                                                                            呼吸してます。 太りましたが、 なかなかむっちりも良いもんです。 もう少し、まっててね。	2016-02-11	単体作品, アイドル・芸能人, イメージビデオ, 超乳, ハイビジョン	○○はオレのカノジョ。	GARDEN		オレカノ	沖田杏梨	781545	3.49
PPBD-114	ppbd00114	巨乳女教師の誘惑 8タイトル丸ごと全部入り16時間BEST vol.2 - 佐山愛	人気シリーズ「巨乳女教師の誘惑」が丸ごと8タイトル入ったお得すぎるスーパーベストの第2弾！今回も巨乳でエッチな先生が生徒を誘惑しまくり！教室で勉強だけじゃなくパイズリやSEXも教えてくれる！専属女優の佐山愛や、人気女優の波多野結衣、篠田あゆみなどの誘惑に生徒は勃起しまくり、セックスしまくり、発射しまくりのスペシャルな作品！	2016-01-16	女教師, 痴女, 巨乳, 巨乳フェチ, パイズリ, ベスト・総集編, 独占配信	巨乳女教師の誘惑（OPPAI）	OPPAI		OPPAI	佐山愛, 波多野結衣, 沖田杏梨, 篠田あゆみ, 風音舞香, 中山理莉, 西条沙羅, 中村知恵	99293	2.24
BMW-118	bmw00118	絶頂中出し100連発8時間 - つぼみ		2016-01-01	熟女, 巨乳, ゴスロリ, 中出し, ベスト、総集編, 女子高生		ワンズファクトリー			つぼみ, 大槻ひびき, 椎名ゆな, 友田彩也香, 秋吉ひな, 沖田杏梨, 上原亜衣, 山本美和子, 夏目優希	209589	3.50
BMW-116	bmw00116	凄テクを我慢できれば生★中出しSEX！ベストテクニック8時間vol.2 - かすみ果穂	ワンズファクトリー超大人気企画「凄テク我慢」シリーズのベスト版第2弾！8名の凄テク女優が素人たちを暴発させる超絶射精テクニックの数々！そして、10分間我慢した素人にはご褒美の中出しSEX！激エロシーンを厳選ピックアップしました！！男のカラダを熟知しているハズの女優たちが、意地とプライドと中出しを賭けて本気で責めイカす！ホントにAV女優のテクニックは凄いのか！？そんな疑問に答えるスペシャル作品！！	2015-12-27	中出し, 手コキ, パイズリ, ベスト・総集編, 独占配信	我慢できれば生中出しSEX！	ワンズファクトリー		WANZ	かすみ果穂, 早川瀬里奈, AIKA, 沖田杏梨, 松本メイ, 吉川あいみ, みほの（坂口みほの）, 湊莉久	373176	4.79
MIMK-039	mimk00039	MOODYZ15周年記念作品【限定共演】クリムゾンドリーム - かすみ果穂		2015-12-25	辱め, 羞恥, 職業色々, レズ, 中出し, デジモ, ハイビジョン, 独占配信, ゲーム実写版	クリムゾンコラボ	ムーディーズ	苺原	まんきつ	かすみ果穂, 波多野結衣, 大槻ひびき, 秋山祥子, AIKA, 沖田杏梨, 神咲詩織, 蓮実クレア	134874	4.88
PPSD-050	ppsd00050	OPPAI 一夫多妻スペシャル 巨乳2人と夢の中出し重婚生活 沖田杏梨 澁谷果歩		2015-12-12	人妻・主婦, 巨乳, 中出し, 3P・4P, ハイビジョン, 独占配信	OPPAI 一夫多妻スペシャル	OPPAI		OPPAI	沖田杏梨, 澁谷果歩	68072	3.02
MIDE-294	mide00294	超硬フル勃起 寸止め痴女伝説 沖田杏梨	沖田杏梨                                                      3週間前                                                                                            呼吸してます。 太りましたが、 なかなかむっちりも良いもんです。 もう少し、まっててね。	2015-12-06	痴女, 巨乳, 巨乳フェチ, 単体作品, 手コキ, パイズリ, デジモ, ハイビジョン, 独占配信		ムーディーズ	赤井彗星	MOODYZ DIVA	沖田杏梨	369439	4.32
BMW-113	bmw00113	ランジェリーナ8時間BEST 4 - かすみ果穂	高級下着を身にまとったお姉さまたちの淫らな姿を映し出す「ランジェリーナ」の豪華ベスト第4弾！！ブラジャー、Tバック、ショーツ、スリップ、ガーター、パンスト…6人の女性が男を惑わす姿で溢れ出る欲望のまま悶え乱れる！！全裸よりも下着姿に興奮する方へ送る全編ズラしハメ！！超高級ランジェリーで魅せるハードSEXスペシャル！！	2015-11-28	お姉さん, 巨乳, スレンダー, ランジェリー, 中出し, ベスト・総集編, 独占配信	ランジェリーナ	ワンズファクトリー		WANZ	かすみ果穂, ERIKA（モカ、MOKA）, 沖田杏梨, 松本メイ, 茜あずさ, 篠田あゆみ	272579	2.05
BBI-214	bbi00214	感度集中！ねっと〜り亀頭責め痴女 沖田杏梨	沖田杏梨                                                      3週間前                                                                                            呼吸してます。 太りましたが、 なかなかむっちりも良いもんです。 もう少し、まっててね。	2015-11-21	痴女, 巨乳, 単体作品, 手コキ, パイズリ, ハイビジョン, 独占配信	感度集中！ねっと〜り亀頭責め痴女	痴女ヘブン	赤井彗星	美	沖田杏梨	598992	2.79
MIDE-284	mide00284	猿轡レ×プ調教 特別版 沖田杏梨	沖田杏梨                                                      3週間前                                                                                            呼吸してます。 太りましたが、 なかなかむっちりも良いもんです。 もう少し、まっててね。	2015-11-07	巨乳, 単体作品, 寝取り・寝取られ・NTR, ハメ撮り, デジモ, ハイビジョン, 独占配信	猿轡レ×プ調教	ムーディーズ	ZAMPA	MOODYZ DIVA	沖田杏梨	293894	2.73
MIDE-275	mide00275	射精管理おねえさん 沖田杏梨	沖田杏梨                                                      3週間前                                                                                            呼吸してます。 太りましたが、 なかなかむっちりも良いもんです。 もう少し、まっててね。	2015-10-10	無修正リーク, 痴女, 巨乳, 単体作品, パイズリ, 淫語, デジモ, ハイビジョン, 独占配信	射精管理おねえさん	ムーディーズ	テキラティーノ	MOODYZ DIVA	沖田杏梨	672401	4.31
MIRD-151	mird00151	夢の一夫多妻 真性中出しSPECIAL - 水城奈緒		2015-09-10	巨乳, 中出し, 淫語, ハーレム, デジモ, ハイビジョン, 独占配信	真性中出し	ムーディーズ	キョウセイ	MOODYZ REAL	水城奈緒, 沖田杏梨, 水野朝陽, 香山美桜	719482	3.94
HMGL-129	hmgl00129	カンパニー松尾 コンプリート 10 恥ずかしいカラダ 6時間 - 江波りゅう（RYU)		2015-08-30	巨乳, ハメ撮り, ベスト・総集編, 4時間以上作品, ハイビジョン	○○コンプリート（HMJM）	HMJM	カンパニー松尾	Glamour	江波りゅう（RYU), 沖田杏梨, 新山かえで, 小早川怜子, 堀内美希, 湊莉久	412122	4.83
MIDE-257	mide00257	超高級Lcup爆乳メイド 沖田杏梨	沖田杏梨                                                      3週間前                                                                                            呼吸してます。 太りましたが、 なかなかむっちりも良いもんです。 もう少し、まっててね。	2015-08-08	メイド, お姉さん, 巨乳, 単体作品, パイズリ, デジモ, ハイビジョン, 独占配信	超高級●cup爆乳メイド	ムーディーズ	南★波王	MOODYZ DIVA	沖田杏梨	131873	4.42
MIBD-939	mibd00939	凄いチ○ポでポルチオを突かれておかしくなった女達2 - つぼみ	ただただ、女が見たこともないほどダメになっていく様を集めたBEST第2弾。女性の最大の弱点である子宮の入り口にしっかり到達できるチンポでのSEXを厳選。最奥部をカリ先でつつき、撫で回した時に見せる最高にだらしのない反応を集めました。食い縛りうめく女、羞恥心を失い乳を振り回し狂う女、人としてアウトな表情であちらの世界に行った女…あの人気女優が人間をやめた瞬間、是非ご覧下さい。	2015-08-08	巨乳, 淫語, デカチン・巨根, ベスト・総集編, デジモ, ポルチオ, 独占配信	ポルチオを突かれておかしくなった女達	ムーディーズ		MOODYZ Best	つぼみ, 京野明日香, 佐山愛, Hitomi（田中瞳）, 小向美奈子, JULIA, 朝倉ことみ, 沖田杏梨, 神咲詩織, 蓮実クレア, 湊莉久, 川村まや, 涼風ことの, 望月るな, 西田カリナ	694627	4.17
MIDE-248	mide00248	SUPER爆乳BODYコスプレイヤー6変化 沖田杏梨	沖田杏梨                                                      3週間前                                                                                            呼吸してます。 太りましたが、 なかなかむっちりも良いもんです。 もう少し、まっててね。	2015-07-11	辱め, 痴女, 巨乳, 単体作品, コスプレ, 淫語, デジモ, ハイビジョン, 独占配信	SUPER爆乳BODYコスプレイヤー○変化	ムーディーズ	苺原	MOODYZ DIVA	沖田杏梨	84968	3.87
WANZ-361	wanz00361	射精大好きマサオ君と欲求不満お姉ちゃんのHなお留守番 沖田杏梨	沖田杏梨                                                      3週間前                                                                                            呼吸してます。 太りましたが、 なかなかむっちりも良いもんです。 もう少し、まっててね。	2015-06-27	お姉さん, 巨乳, 単体作品, ショタ, 騎乗位, 中出し, ハイビジョン, 独占配信	射精大好きマサオ君と欲求不満お姉ちゃんのHなお留守番	ワンズファクトリー		WANZ	沖田杏梨	473478	3.85
HNDB-071	hndb00071	尻バック中出し！！ - 北川エリカ	男にとって最も激しく突くことができる体位それは【バック】尻肉を掴み後ろからズブズブと後ろからチンポ挿入して大絶頂！無防備なマンコを背後から好き放題突きまくり仰け反った女体が堪らなく、そして猛烈ピストンで歪んだ表情と揺れる乳房をカメラに見せつけ激ピストンのまま膣奥にドクドクと大量中出し！マンコから白濁液をドロドロと流れ出る尻バック中出し！！	2015-06-20	辱め, 尻フェチ, 中出し, ベスト・総集編, デジモ, 独占配信		本中		本中	北川エリカ, 沖田杏梨, 枢木みかん, 武井麻希, 蓮実クレア, 高梨あゆみ, 槇原愛菜, 千乃あずみ, 有森涼（事原みゆ）, 橘優花, 涼風ことの, 篠田あゆみ, 逢沢はるか（黒木琴音）	352958	3.64
MIBD-923	mibd00923	いやらし～い巨乳のお姉さんに見下されながら跨られて犯された僕。 - 波多野結衣		2015-06-13	痴女, お姉さん, 巨乳, 騎乗位, 淫語, デジモ, ベスト、総集編		MOODYZ			波多野結衣, JULIA, 沖田杏梨, 神咲詩織, 仲里紗羽, 蓮実クレア, 鈴木心春, 槇原愛菜, 篠田あゆみ, 乃々果花	343440	2.80
MIRD-150	mird00150	JとL 超乳W真性中出し 沖田杏梨 Hitomi - Hitomi（田中瞳）		2015-05-30	無修正リーク, 乱交, レズ, 中出し, 潮吹き, デジモ, 超乳, ハイビジョン, 独占配信	真性中出し	ムーディーズ	宇佐美忠則	MOODYZ REAL	Hitomi（田中瞳）, 沖田杏梨	973649	3.31
MIDE-233	mide00233	沖田杏梨があなたのお嫁さん	沖田杏梨                                                      3週間前                                                                                            呼吸してます。 太りましたが、 なかなかむっちりも良いもんです。 もう少し、まっててね。	2015-05-10	無修正リーク, 若妻・幼妻, 巨乳, 単体作品, 淫語, 主観, デジモ, 超乳, ハイビジョン, 独占配信	○○があなたのお嫁さん	ムーディーズ	宇佐美忠則	MOODYZ DIVA	沖田杏梨	1562	3.71
PGD-777	pgd00777	プレミアム スタイリッシュソープ ゴールド 沖田杏梨	沖田杏梨                                                      3週間前                                                                                            呼吸してます。 太りましたが、 なかなかむっちりも良いもんです。 もう少し、まっててね。	2015-05-03	無修正リーク, キャバ嬢・風俗嬢, 巨乳, 単体作品, 中出し, パイズリ, ローション・オイル, デジモ, ハイビジョン, 独占配信	PREMIUM STYLISH SOAP	プレミアム		GLAMOROUS	沖田杏梨	649924	3.37
RBB-023	rbb00023	肉棒を包み込む最高の口淫 美熟女の優しく丁寧なフェラチオ16時間 - 笠木忍	オンナの成熟した色気をムンムンとさせながら優しくチンポを咥え込み、丁寧に気持ちよく男を絶頂に導く、蕩けるような熟女の極上フェラチオの金字塔が登場！ジュルジュルといやらしく音を立てながら、熱い唾液で亀頭を絡め取るように優しくチンポをしゃぶってくれる、熟女の極上口マンコを堪能できる！	2015-04-16	熟女, 若妻・幼妻, お姉さん, フェラ, 独占配信		ROOKIE		ROOKIE	笠木忍, 寺崎泉, 松本まりな, 瞳リョウ, 風間ゆみ, 牧原れい子, 長谷川美紅, 青木玲, 君島冴子（AOI.、村上葵）, 乃亜（鳥越乃亜）, 西野翔, 二宮沙樹, 星野あかり, 小川あさ美, 青木りん, 織田真子, 北島玲, 佐山愛, 北原夏美, 川上ゆう（森野雫）, 艶堂しほり（遠藤しおり）, 森ななこ, 澤村レイコ（高坂保奈美、高坂ますみ）, 中森玲子, 佐藤みき（佐藤美紀、鈴木志帆）, 波多野結衣, 浅倉彩音, 小向まな美, 今井ひろの, 北条麻妃, 椎名ゆな, 横山みれい, 春菜はな, 菅野さゆき, 北川エリカ, 結城みさ, 西條るり, JULIA, 羽月希, 秋吉ひな, 矢部寿恵, 上原保奈美, 沖田杏梨, 新堂綾乃, 山本美和子, 青木美空, 稲川なつめ, 新山かえで, 美泉咲, 小早川怜子, 三浦恵理子, 倉多まお, 白木優子, 本田岬, 本田莉子, 大場ゆい, 堀内秋美, 仲丘たまき（片岡まきな）, 南紗穂, 卯水咲流, 吉永あかね, 保坂えり, 大橋ひとみ, 横山夏希, 森沢かな（飯岡かなこ）, 夏目彩春, 今井美鈴, 柚希あおい, 矢吹京子, 篠田あゆみ, 広瀬奈々美（堀口奈津美）	325643	3.25
PPBD-096	ppbd00096	OPPAI 7周年記念！！ 巨乳と中出しSEX8時間 - 佐山愛	OPPAI7周年記念！！巨乳娘と中出しSEXする名場面だけを集めた超お得な作品集！！発射寸前のラストスパートピストンで、ブルブル激しく揺れる巨乳を眺めながら中出しSEX！そんなシーンばかりを集めた、OPPAIだからこそ制作できた逸品！！JULIA・めぐり・佐山愛・波多野結衣など！人気巨乳女優の膣穴からドロッと垂れ落ちるザーメンは必見！！	2015-04-16	女子アナ, 女子大生, 痴女, 巨乳, 中出し, ベスト・総集編, 独占配信		OPPAI		OPPAI	佐山愛, めぐり（藤浦めぐ）, 波多野結衣, 椎名ゆな, JULIA, 沖田杏梨, 枢木みかん, 北乃ちか, 本田莉子, 水野朝陽, 長谷部ゆい, 岸杏南, 里咲しおり, 松本ほのか, 紺野まこ	191187	3.30
MIDE-225	mide00225	むっちりヤリマンOL 沖田杏梨	沖田杏梨                                                      3週間前                                                                                            呼吸してます。 太りましたが、 なかなかむっちりも良いもんです。 もう少し、まっててね。	2015-04-11	無修正リーク, OL, 巨乳, 脚フェチ, 巨乳フェチ, 尻フェチ, 単体作品, デジモ, ハイビジョン, 独占配信	むっちりヤリマンOL	ムーディーズ	K*WEST	MOODYZ DIVA	沖田杏梨	70044	4.55
PBD-299	pbd00299	プレミア女優がお風呂でフェラとかパイズリしてくれるの最高すぎww - 志保	ソープで一発ヌいてもらうのと、自宅のお風呂でイチャイチャしながらフェラとかパイズリとかしてもらって一発ヌいてもらうのとじゃあ全然気分が違ってきますよね。断然後者でしょ、というアナタへ贈るベスト版が出来ました。お風呂場だからすぐ洗い流せるし、心置きなく発射させて頂きます！	2015-04-04	フェラ, パイズリ, ベスト・総集編, デジモ, 独占配信		プレミアム		PREMIUM BEST	志保, 如月カレン, 穂花, 二宮沙樹, 吉崎直緒, 小川あさ美, KAORI, ほしのみゆ, 小西那奈, 冬月かえで, 波多野結衣, 里美ゆりあ, 椎名ゆな, 桜花えり, 秋吉ひな, 沖田杏梨, 結夜, 神波多一花, 桜井あゆ	489338	4.95
WANZ-319	wanz00319	沖田杏梨の凄テクを我慢できれば生中出しSEX！	沖田杏梨                                                      3週間前                                                                                            呼吸してます。 太りましたが、 なかなかむっちりも良いもんです。 もう少し、まっててね。	2015-03-28	無修正リーク, 巨乳, 素人, 単体作品, 中出し, パイズリ, ハイビジョン, 独占配信	我慢できれば生中出しSEX！	ワンズファクトリー		WANZ	沖田杏梨	119669	4.98
PPBD-095	ppbd00095	危険日の巨乳に孕ませ中出し8時間 - 佐山愛	妊娠するかも知れないスリルで感度が増した危険日の巨乳美女達に、限界ギリギリまで激ピストンを繰り返し、特濃のザーメンを注ぎ込む孕ませベスト！排卵日を迎えてハリのある巨乳が上下左右に揺れまくる！挿入～子宮口から受精済みザーメンがドロっと垂れる瞬間までを余す事無く収録！本能のままに性欲を満たした巨乳美女達の恍惚の表情は必見！おっぱい好き専用メーカーだから実現した、巨乳美女限定の中出し孕ませベスト！	2015-03-14	美乳, 巨乳, 巨乳フェチ, 中出し, ベスト・総集編, 独占配信		OPPAI		OPPAI	佐山愛, めぐり（藤浦めぐ）, 波多野結衣, 椎名ゆな, JULIA, 北川瞳, 秋吉ひな, 沖田杏梨, 本田莉子, 水野朝陽, 茜あずさ, 長谷部ゆい, 仲村茉莉恵, 岸杏南, 里咲しおり, 松本ほのか	647053	3.63
MIDE-213	mide00213	巨乳お姉さんに抜かれっぱなし凄テク痴女デート 沖田杏梨	沖田杏梨                                                      3週間前                                                                                            呼吸してます。 太りましたが、 なかなかむっちりも良いもんです。 もう少し、まっててね。	2015-03-08	無修正リーク, お姉さん, 巨乳, ドキュメンタリー, 単体作品, 手コキ, パイズリ, デジモ, ハイビジョン, 独占配信	凄テク痴女デート	ムーディーズ	ZAMPA	MOODYZ DIVA	沖田杏梨	187513	3.20
PBD-294	pbd00294	お姉さん31人 日替わり誘惑SEX8時間 - 光月夜也（林絵里）	綺麗なお姉さんで毎日ひたすらヌキまくりたいアナタのためのスーパーベストがついに完成！プレミアムが誇るお姉さんたち1ヶ月分、31人のセックスを完全収録！穂花や小川あさ美といったレジェンド女優から里美ゆりあ、波多野結衣、桜井あゆと言った今一番旬な女優達まで魅力が満載！今日はどのお姉さんでオナニーしますか？	2015-03-05	お姉さん, ベスト・総集編, デジモ, 独占配信		プレミアム		PREMIUM BEST	光月夜也（林絵里）, 如月カレン, 穂花, 二宮沙樹, 小川あさ美, ほしのみゆ, 冬月かえで, 波多野結衣, 里美ゆりあ, 椎名ゆな, ましろ杏, 神ユキ, 秋吉ひな, 沖田杏梨, 麻生めい, 蓮実クレア, 大場ゆい, 凪野美憂, 北川杏樹, 水野朝陽, 桜井あゆ, 司ミコト, 川村まや, 乙葉ななせ, 真野ゆりあ, 篠田あゆみ	300296	4.18
RVG-011	rvg00011	ボイン大好きしょう太くんのHなイタズラ BEST8時間 - 沖田杏梨	「ボイン大好きしょう太くんのHなイタズラ」シリーズの中から名作8タイトルをセレクト。巨乳の女性が大好きなマセガキ‘しょう太’があの手この手で女性に近づきイタズラをしてSEXまでしてしまいます。金髪ボインの綺麗なお姉さんのお宅へ訪問し、そこで英語のレッスンを受けることに…。など盛りだくさん。  コミック版「しょう太くんのHなイタズラ」が電子書籍フロアにて配信中！	2015-02-19	巨乳, ショタ, 中出し, ベスト・総集編, 4時間以上作品	しょう太くんのHなイタズラ	グローリークエスト		GLORY QUEST	沖田杏梨, みなせ優夏, さくら悠, 舞咲みくに, 尾上若葉, 浜崎真緒, 吉永あかね	128466	4.12
RBB-007	rbb00007	横乳下乳はみ出し放題！スーパーヘビー級のHカップ以上厳選 世界に誇れるモンスターおっぱい！！16時間 - 夢野まりあ	世界と勝負の時は来た！！遂に目覚めた日本のモンスターおっぱい軍団！！激揺れするおっぱいの振動があなたのハートを揺さぶり、ハンパない乳圧で多幸感に包まれます。超厳選のおっぱいをた～っぷり。豪華女優の溢れ出る乳房でずっとヌケる一作。ROOKIEだからこそできる量と質。永久保存版に是非してください！！	2015-02-15	美乳, パイズリ, ベスト・総集編, 超乳, 独占配信, 16時間以上作品		ROOKIE		ROOKIE	夢野まりあ, 麻美ゆま, 青木りん, 青山菜々, 浜崎りお（森下えりか、篠原絵梨香）, 杏美月, 佐山愛, あいぶらん（蜜井とわ）, 花井メイサ, 風子, 愛実（秋川ルイ）, 鮎川あゆみ, 浅田ちち, 仲村ろみひ, 長澤あずさ, 恵けい, Hitomi（田中瞳）, 鈴香音色, 春菜はな, 菅野さゆき, 西條るり, JULIA, 仁科百華, 前田優希, 新山らん, 上原保奈美, 沖田杏梨, さくら悠, 大島あいる, 桜木莉愛（かじか凛）, 北乃ちか, 滝川ソフィア, 七空うみ(七海そら), 吉永あかね, 立川理恵, 春風美羽, ももい理乃, 市来美保, 塚田詩織, 春日もな	167771	4.81
TYWD-066	tywd00066	淫乱日替わりSEX16時間 - 風間ゆみ	淫乱メーカー乱丸がドスケベな皆さまの為に毎日ヌケる日替わり淫乱ベストを完成させました！！31人の濃厚淫乱セックス。一日30分観ても1ヶ月分のた～っぷり収録。凄いぞ乱丸！コスリ過ぎてチンポの火傷注意！！あなたのもとに素晴らしいオナニーライフが訪れますように！！	2015-02-15	淫乱・ハード系, 淫語, ベスト・総集編, デジモ, 独占配信, 16時間以上作品		乱丸		乱丸	風間ゆみ, 友田真希, 水元ゆうな, 乃亜（鳥越乃亜）, 西野翔, 星野あかり, 峰なゆか, 妃乃ひかり, 晶エリー（新井エリー、大沢佑香）, 翔田千里, Marin., 前乃さとみ, 花井メイサ, 澤村レイコ（高坂保奈美、高坂ますみ）, 波多野結衣, Hitomi（田中瞳）, 成瀬心美（ここみ）, 北条麻妃, 大槻ひびき, RUMIKA, 泉麻那, 仁科百華, 沖田杏梨, 雛丸, さとう遥希, 希咲エマ（HARUKI、加藤はる希）, 小早川怜子, 音丸, 桜井あゆ, 望月るな	37306	4.61
MIDE-201	mide00201	快感でおかしくなるまで続く 痙攣性交と絶頂潮 沖田杏梨	沖田杏梨                                                      3週間前                                                                                            呼吸してます。 太りましたが、 なかなかむっちりも良いもんです。 もう少し、まっててね。	2015-02-07	お姉さん, 巨乳, 単体作品, 潮吹き, 淫語, デジモ, ハイビジョン, 独占配信	快感でおかしくなるまで続く	ムーディーズ	cobo	MOODYZ DIVA	沖田杏梨	820498	2.65
MBYD-216	mbyd00216	奥さんのボリューミーなお尻8時間 - 風間ゆみ	お尻好きに朗報！お尻の魅力が満載の1作！大ヒット作品、佐山愛「妻の寝取られ～」でのむちむちお尻。ある生徒にむちゃくちゃに辱められ弄ばれる西條るり、「女教師ペット」や義弟のマッサージに思わず欲情する風間ゆみ、生徒達を美尻＆美脚で挑発する仲丘たまきなど美女たちのお尻がたまりません！！	2015-02-07	熟女, 人妻・主婦, 尻フェチ, ベスト・総集編, 独占配信		溜池ゴロー		溜池ゴロー	風間ゆみ, 葉月奈穂（葉月菜穂）, 佐山愛, 細川まり, 中森玲子, 北条麻妃, 森山杏菜（森山杏奈）, 西條るり, 沖田杏梨, さとう遥希, 小早川怜子, 仲丘たまき（片岡まきな）, 南紗穂	3181	4.07
BMW-084	bmw00084	生徒に自宅を乗っ取られた若妻女教師8時間総集編 - つぼみ	ワンズ屈指の人気シリーズから待望のベスト登場！美人で真面目で気高い若妻女教師は、いつもほんの些細なことから悲劇のヒロインへと変貌する。3日間に及ぶ監禁凌●、昼夜を問わない輪●！安息の場であるマイホームが逃げ場の無い地獄と化す！狂気と快楽のシリーズ総集編＆特別版でリリース！	2015-01-25	女教師, 監禁, ベスト・総集編, 独占配信	生徒に自宅を乗っ取られた若妻女教師	ワンズファクトリー		WANZ	つぼみ, 波多野結衣, 椎名ゆな, 麻倉憂, 沖田杏梨, 稲川なつめ, 蓮実クレア, 葉山ゆめの	832608	2.80
BMW-085	bmw00085	舐め殺しエクスタシー イカせ舌技8時間 - 菜月綾（水来亜矢）	オトコを興奮させる絶品の舌技を持つ女優が大集結！！チ○ポ・アナル・金玉袋・足指・濃厚ベロキス・乳首舐め手コキなどオトコの気持ちいい性感帯を丹念に舐めながら射精させてくれるエロエロペロペロテクニックが詰まった1作！！	2015-01-25	フェラ, 手コキ, パイズリ, ベスト・総集編, 独占配信		ワンズファクトリー		WANZ	菜月綾（水来亜矢）, 乃亜（鳥越乃亜）, つぼみ, 杏美月, 川上ゆう（森野雫）, 森ななこ, 波多野結衣, 友田彩也香, 麻倉憂, 結城みさ, 菜月アンナ, 北川瞳, 秋吉ひな, 沖田杏梨, さくら悠, 夏目優希, 水樹りさ, 小早川怜子, 佳苗るか, 尾上若葉, 三浦恵理子, 倉多まお, 浜崎真緒, 宮野瞳, 蓮実クレア, 神波多一花, 板野有紀, 本田莉子, 葵こはる（えりか）, 吉永あかね, 桜井あゆ, 茜あずさ, 湊莉久, 西川りおん, 高梨あゆみ, 乙葉ななせ	112460	2.32
ONSD-891	onsd00891	上に乗って重くないかな？とか最初は考えてたけど、気づけば殿方の顔に愛液をクチュクチュと擦り付けるように我を忘れて腰を振っていました。 - 吉沢明歩		2015-01-19	その他フェチ, 顔面騎乗, 4時間以上作品, ベスト、総集編		エスワン ナンバーワンスタイル			吉沢明歩, 麻美ゆま, かすみりさ, 明日花キララ, 佳山三花, 桜ここみ, 春菜はな, 立花さや, 瑠川リナ, 篠原杏, 上原保奈美, 沖田杏梨, 奥田咲, 水川菜々子, 芦名ゆりあ, 小島みなみ, 香西咲, アンジェ, 仲里紗羽, ティア, きみと歩実, 緒川りお, 夢乃あいか, 宇佐美まい, 天使もえ, 安齋らら, 二階堂ソフィア	363063	4.58
RBB-005	rbb00005	誰にも言えず、誰にも知られたくない。禁断 近親相姦16時間 - 友田真希		2015-01-19	お母さん, 近親相姦, 姉・妹		ROOKIE			友田真希, 長谷川美紅, 北条麻妃, 小桜沙樹, 沖田杏梨, 秋野千尋, 愛内希, ティア, 滝川恵理, 葉月奈穂	192475	4.51
PPBD-091	ppbd00091	放っておくなんてもったいない！！巨乳を愛撫しながらのSEX51人8時間 - 浜崎りお（森下えりか、篠原絵梨香）	セックス中の縦横に暴れまわる巨乳を放置せず、同時に楽しむスーパーベストが登場！！おマ○コの絞め付けを感じながら、柔らか巨乳の弾力も同時に堪能！目の前の巨乳をムギュっと鷲掴み、何度も腰を突き上げる！OPPAIが誇る人気女優51人が膣挿入と巨乳愛撫のW快感でイキまくり！！	2015-01-17	美乳, 巨乳, 巨乳フェチ, 中出し, パイズリ, ベスト・総集編, 独占配信		OPPAI		OPPAI	浜崎りお（森下えりか、篠原絵梨香）, 杏美月, 佐山愛, めぐり（藤浦めぐ）, 波多野結衣, Hitomi（田中瞳）, 葵ぶるま, 椎名ゆな, 菅野さゆき, JULIA, 菜月アンナ, 北川瞳, 白戸もも, 秋吉ひな, 沖田杏梨, 響まゆ, 持田美琴, 希咲エマ（HARUKI、加藤はる希）, 大月まゆか, 枢木みかん, 綾瀬みなみ, 鈴宮理恵, 大島あいる, 知世奏, 小早川怜子, 美月優芽, 尾上若葉, 三浦奏, 浜崎真緒, 北乃ちか, 野宮さとみ, 本田莉子, 吉永あかね, 月本るい（宮原友里絵）, 保坂えり, 原千草, 西川りおん, 愛実れい, 川菜美鈴, 西條カレン, 長谷部ゆい, 堀北七海, 仲村茉莉恵, 篠田あゆみ	199818	4.49
PPBD-090	ppbd00090	爆乳娘と日替わりSEX31人8時間 - 佐山愛	爆乳娘とのセックスを1ヶ月間、日替わりで堪能できるスーパーベストが登場！爆乳娘31人を毎日とっかえひっかえ1ヶ月分収録！それぞれ大きさや形が異なる巨乳を揉んで舐めて責めまくる！腰を動かすたびに縦横に大きく揺れる巨乳を眺めながら大量中出し！JULIA/めぐり/佐山愛/波多野結衣/篠田あゆみ/椎名ゆな/本田莉子/など、OPPAIが誇る人気女優と夢のヤリ放題SEXライフ！	2015-01-17	美乳, 巨乳, 巨乳フェチ, 中出し, パイズリ, ベスト・総集編, 独占配信	爆乳娘と日替わりSEX	OPPAI		OPPAI	佐山愛, めぐり（藤浦めぐ）, Hitomi（田中瞳）, 椎名ゆな, JULIA, 秋吉ひな, 沖田杏梨, 希咲エマ（HARUKI、加藤はる希）, 枢木みかん, 浜崎真緒, 北乃ちか, 野宮さとみ, 本田莉子, 吉永あかね, 保坂えり, 茜あずさ, 原千草, 椎名まりな, 愛実れい, 川菜美鈴, 西條カレン, 白咲梓, 長谷部ゆい, 堀北七海, 仲村茉莉恵, 篠田あゆみ, 水咲あかね, 逢沢ふみ奈	401366	2.13
TYWD-064	tywd00064	超厳選！驚愕の絶頂総集編 - 友田真希	淫乱メーカー【乱丸】だからこそできた、驚愕の絶頂集が完成いたしました。女は快感によってここまで変わるんです！そんな女の通常時と発情時のギャップがてんこ盛り。超厳選した淫乱女28人の、気持ち良すぎて豹変してしまった絶頂シーンをたっぷりご覧ください！！	2015-01-17	痴女, 淫乱・ハード系, 淫語, ベスト・総集編, デジモ, 独占配信		乱丸		乱丸	友田真希, 晶エリー（新井エリー、大沢佑香）, 鈴木杏里, Marin., 前乃さとみ, 東野愛鈴, 澤村レイコ（高坂保奈美、高坂ますみ）, 橘ミオン（石川鈴華）, 須真杏里（須真杏理）, 岡山涼花, 玲丸, ましろ杏, RUMIKA, 井川ゆい, 碧しの（篠めぐみ）, 泉麻那, まりか, 琥珀うた, 櫻井ともか, 沖田杏梨, 雛丸, 希咲エマ（HARUKI、加藤はる希）, 小早川怜子, 音丸, 峰岸ふじこ, 市来美保, 望月るな	769349	3.08
MIDE-186	mide00186	ズコバコ超乱交 沖田杏梨	沖田杏梨                                                      3週間前                                                                                            呼吸してます。 太りましたが、 なかなかむっちりも良いもんです。 もう少し、まっててね。	2015-01-10	無修正リーク, 巨乳, 乱交, 単体作品, デジモ, 超乳, ハイビジョン, 独占配信	ズコバコ超乱交	ムーディーズ	cobo	MOODYZ DIVA	沖田杏梨	837805	3.28
MBYD-214	mbyd00214	僕だけの巨乳女教師ペット ごっそり6タイトル12時間BEST - 西野翔	ある生徒の言いなりペットの女教師。テスト中の密かなローターいじめ、恥ずかしい服を着させられ巨乳を執拗に揉みたおされる！他の生徒にも肉体奉仕させられ嫉妬に狂ったご主人様のお仕置きファック。こんなひどい目にあっても私のオマンコはぐしょぐしょに濡れてしまうんです…。豪華キャストで収録！	2015-01-10	辱め, 女教師, 巨乳, ドラマ, ベスト・総集編, 独占配信	僕だけの巨乳女教師ペット	溜池ゴロー		溜池ゴロー	西野翔, 菅野さゆき, 上原保奈美, 沖田杏梨, 小早川怜子	360465	3.24
PPBD-089	ppbd00089	パイズリ射精250発24時間 - 葉月奈穂（葉月菜穂）	パイズリ射精を250発たっぷり収録した究極ベスト！！おっぱい好き専用メーカーだからこそ実現できた、大迫力の巨乳パイズリのみを厳選！セックスでは決して味わえない快感が勃起チンポを優しく包み込む！JULIA/めぐり/佐山愛/波多野結衣/篠田あゆみ/吉永あかね/川菜美鈴/椎名ゆな/他多数！豪華巨乳女優達の超絶パイズリをじっくり楽しめる、巨乳好き必見の究極ベスト！！	2014-12-11	美乳, 巨乳, 巨乳フェチ, パイズリ, ベスト・総集編, 独占配信, 16時間以上作品		OPPAI		OPPAI	葉月奈穂（葉月菜穂）, 青山菜々, 水城奈緒, 浜崎りお（森下えりか、篠原絵梨香）, 杏美月, 佐山愛, めぐり（藤浦めぐ）, 森ななこ, 佐藤みき（佐藤美紀、鈴木志帆）, 波多野結衣, 長澤あずさ, Hitomi（田中瞳）, 葵ぶるま, 花美ひな, 椎名ゆな, 菅野さゆき, 葵えり, 橘なお（上原海里）, 西條るり, JULIA, 大沢かえで, 水咲カレン, 櫻井夕樹, 仁科百華, 菜月アンナ, 小出遥, 白戸もも, 百花エミリ, 沖田杏梨, 木咲美琴, 響まゆ, 持田美琴, 希咲エマ（HARUKI、加藤はる希）, みなせ優夏, 桃実, 大月まゆか, 菅野みいな, 枢木みかん, 綾瀬みなみ, 鈴宮理恵, 大島あいる, 本真ゆり, 知世奏, 新山かえで, 小早川怜子, 美月優芽, 尾上若葉, 倉多まお, 三浦奏, 浜崎真緒, 北乃ちか, 星野来夢, 上原怜奈, 知花メイサ, 野宮さとみ, 本田莉子, 愛乃なみ, 瑞乃ありさ, 桜咲ひな, 吉永あかね, 入江愛美, 月本るい（宮原友里絵）, 保坂えり, 立川理恵, 風音りん, 吉澤留美, ももい理乃, 西川りおん, 椎名まりな, 愛実れい, 川菜美鈴, 西條カレン, 白咲梓, 長谷部ゆい, 堀北七海, 仲村茉莉恵, 篠田あゆみ, 水咲あかね	420655	4.79
TYWD-063	tywd00063	クンニ絶頂トランス117連発 - 加山なつこ	女の亀頭であるクリトリスを激しく舐めて絶頂へと導くクンニをドドーンと117連発！！クンニでしか見られない絶頂。この気持ち良さに演技一切なし。ガチの雌の姿があらわに。淫乱メーカーでしか実現できないクンニ絶頂を是非ごらんください！！	2014-12-11	クンニ, 痴女, 淫乱・ハード系, ベスト・総集編, 独占配信	絶頂トランス●連発	乱丸		乱丸	加山なつこ, 笠木忍, 金沢文子, 風間ゆみ, 牧原れい子, 友田真希, 水元ゆうな, nao.（小池ひとみ）, 青木玲, 西野翔, 田中梨子, 愛咲れいら（原千尋）, 寧々, 柊早矢（美咲ゆりあ）, 星野あかり, 峰なゆか, 櫻井ゆうこ, 村上涼子（中村りかこ、黒木菜穂）, 北田優歩, 晶エリー（新井エリー、大沢佑香）, 葉月奈穂（葉月菜穂）, 小澤マリア, 鈴木杏里, 翔田千里, Marin., 早川瀬里奈, 江波りゅう（RYU), 春咲あずみ, 水城奈緒, 柳田やよい, 星優乃, 浜崎りお（森下えりか、篠原絵梨香）, 真田春香, 雪見紗弥, 澄川ロア, 香椎杏子, 前乃さとみ, 川上ゆう（森野雫）, 東野愛鈴, 花井メイサ, 春風えみ, 一ノ瀬あきら, 艶堂しほり（遠藤しおり）, 樹花凜（七咲楓花）, 森ななこ, 平井綾, 澤村レイコ（高坂保奈美、高坂ますみ）, 橘ミオン（石川鈴華）, 須真杏里（須真杏理）, 一戸のぞみ, 波多野結衣, 長澤あずさ, 佐田あゆみ, ひなのりく, 岡山涼花, Hitomi（田中瞳）, 長谷川ミク, 女池さゆり, 成瀬心美（ここみ）, 北条麻妃, 大槻ひびき, 椎名ゆな, 希内あんな, ましろ杏, 佐倉美佐, RUMIKA, 井川ゆい, 碧しの（篠めぐみ）, 妃悠愛（長澤杏奈、水原里香、木崎祐子）, 泉麻那, まりか, 瀬奈涼, 結城みさ, 西條るり, 水咲カレン, COCONA（ココナ）, 桐岡さつき, 琥珀うた, 仁科百華, 近澤まゆみ, 北川瞳, 櫻井ともか, 沖田杏梨, 雛丸, 西野まお, 水澤まお（永沢まおみ）, さとう遥希, 悠月舞, 水沢杏香, 木島るみ, 山本美和子, 夏目優希, 青山沙希, 木村つな, 知世奏, 小早川怜子, 尾上若葉, 音丸, 神波多一花, 成宮ルリ, 北川杏樹, 仲丘たまき（片岡まきな）, 桜井あゆ, 高梨あゆみ, 愛実れい, 市来美保, 橘優花, 涼風ことの, 望月るな, 広瀬奈々美（堀口奈津美）	411691	4.48
MIRD-145	mird00145	超絶品BODY真性中出し大乱交SPECIAL - 沖田杏梨		2014-12-07	痴女, 巨乳, 乱交, 中出し, デジモ, ハイビジョン, 独占配信	真性中出し	ムーディーズ	ZAMPA	MOODYZ REAL	沖田杏梨, 蓮実クレア, 水野朝陽, 篠田あゆみ	657723	3.73
WANZ-265	wanz00265	ランジェリーナ 沖田杏梨	沖田杏梨                                                      3週間前                                                                                            呼吸してます。 太りましたが、 なかなかむっちりも良いもんです。 もう少し、まっててね。	2014-11-29	無修正リーク, お姉さん, 巨乳, ランジェリー, 単体作品, 中出し, ハイビジョン, 独占配信	ランジェリーナ	ワンズファクトリー		WANZ	沖田杏梨	397216	3.05
BMW-078	bmw00078	最後まで女が抜く！フェラチオ ただ気持ち良くなっていれば良い王様フェラ4時間 - 風間ゆみ	射精の瞬間まで女にヌイてもらいたい！王様気分でただ気持ち良くなっていれば良い贅沢フェラ抜きベスト！つぼみ・波多野結衣・椎名ゆなetc…。極上テクニシャン揃い！	2014-11-29	痴女, お姉さん, フェラ, 淫語, ベスト・総集編, 独占配信		ワンズファクトリー		WANZ	風間ゆみ, 菜月綾（水来亜矢）, 乃亜（鳥越乃亜）, 星野あかり, 妃乃ひかり, つぼみ, かすみりさ, 森ななこ, 澤村レイコ（高坂保奈美、高坂ますみ）, 波多野結衣, 工藤美紗, 椎名ゆな, 友田彩也香, 結城みさ, 菜月アンナ, 秋吉ひな, 沖田杏梨, 枢木みかん, 水樹りさ, 長谷川リホ, 尾上若葉, 倉多まお, 浜崎真緒, 蓮実クレア, 神波多一花, 葵こはる（えりか）, 大場ゆい, 北川杏樹, 桜井あゆ, 保坂えり, 茜あずさ, 河愛雪乃, 川菜美鈴, 乙葉ななせ, 森咲みお	67174	3.09
PPPD-330	pppd00330	巨乳娘とヤリ放題 沖田杏梨	沖田杏梨                                                      3週間前                                                                                            呼吸してます。 太りましたが、 なかなかむっちりも良いもんです。 もう少し、まっててね。	2014-11-15	無修正リーク, 痴女, 巨乳, 巨乳フェチ, 単体作品, 中出し, パイズリ, ハイビジョン, 独占配信	巨乳娘とヤリ放題	OPPAI		OPPAI	沖田杏梨	584138	2.06
TYWD-060	tywd00060	ガツガツ腰振りトランス騎乗位 - 笠木忍	獣と化した女が、自ら気持ちよくなる為だけに、ガツガツ腰振る騎乗位ベストが登場！腰を振ってトランス状態に陥る淫乱女が見れる貴重な一作。女主導の騎乗位が好きなアナタにお薦めの一本です！	2014-11-15	痴女, 淫乱・ハード系, 騎乗位, 淫語, ベスト・総集編, 独占配信		乱丸		乱丸	笠木忍, 風間ゆみ, 友田真希, 星野あかり, 櫻井ゆうこ, @YOU, 村上涼子（中村りかこ、黒木菜穂）, 北田優歩, 晶エリー（新井エリー、大沢佑香）, 辻本りょう, 翔田千里, Marin., 早川瀬里奈, 春咲あずみ, 浜崎りお（森下えりか、篠原絵梨香）, 真田春香, 香椎杏子, 川上ゆう（森野雫）, 東野愛鈴, 花井メイサ, 一ノ瀬あきら, 艶堂しほり（遠藤しおり）, KYOKO, 澤村レイコ（高坂保奈美、高坂ますみ）, 橘ミオン（石川鈴華）, 須真杏里（須真杏理）, 波多野結衣, 長澤あずさ, 佐田あゆみ, 長谷川ミク, 北条麻妃, 大槻ひびき, ましろ杏, RUMIKA, 碧しの（篠めぐみ）, 泉麻那, まりか, 西條るり, 水咲カレン, 桐岡さつき, 沖田杏梨, 雛丸, 悠月舞, さくら悠, 夏目優希, 小早川怜子, 尾上若葉, 音丸, 桜井あゆ, 広瀬奈々美（堀口奈津美）	274594	4.72
MIDE-160	mide00160	クリでイクまで射精させない爆乳痴女お姉さん 沖田杏梨	沖田杏梨                                                      3週間前                                                                                            呼吸してます。 太りましたが、 なかなかむっちりも良いもんです。 もう少し、まっててね。	2014-10-09	無修正リーク, 痴女, お姉さん, 巨乳, 単体作品, オナニー, デジモ, 超乳, ハイビジョン, 独占配信		ムーディーズ	シャンティYAZAWA	MOODYZ DIVA	沖田杏梨	575823	4.69
MBYD-206	mbyd00206	女教師50人8時間 - 金子リサ	溜池ゴローで高い人気を誇る‘女教師モノ’から50人一挙収録！！！懐かしの女優から今が旬の女優まで幅広く網羅！生徒の性奴●として弄ばれる女教師、生徒達の滾る性欲の餌食となる女教師など、超お得ベスト！！！	2014-10-09	女教師, 巨乳, ベスト・総集編, デジモ, 独占配信		溜池ゴロー		溜池ゴロー	金子リサ, 酒井ちなみ（紫葵）, 松本まりな, 風間ゆみ, 夢野まりあ, 友田真希, 緒川さら, 若林ひかる, 君島冴子（AOI.、村上葵）, 西野翔, 沢田麗奈, 翔田千里, 速水怜, 青山菜々, 間宮いずみ, 深津映見, 北島玲, 加藤レイナ, 仙道春奈, 佐山愛, 艶堂しほり（遠藤しおり）, 森ななこ, 澤村レイコ（高坂保奈美、高坂ますみ）, 山口美花, 大河内さなえ, 浅倉彩音, 円城ひとみ, Hitomi（田中瞳）, 広瀬ゆかり, 夏木響子, 河合律子, 三咲恭子, 真田友里, 真白希実, 真波紫乃, 桜みちる, 菅野さゆき, 立花みずき, 西條るり, 伊織涼子, JULIA, 沖田杏梨, 音無かおり, 小早川怜子, 仲丘たまき（片岡まきな）, 南紗穂, 広瀬奈々美（堀口奈津美）	825835	3.34
MBYD-205	mbyd00205	生涯を夫だけと誓った妻の完堕ち自我崩壊SEX - 牧原れい子	夫への貞操は突き崩されて…。義理の息子に脅迫されいつしか彼の調教に染まるHitomi、『義母奴●』夫の上司に犯●れ欲望の罠に堕ちる波多野結衣、椎名ゆななど。激しい強●が見所のJULIA『肉体労働者と巨根に犯●れ…』夫の親友の告白に心揺れ体乱れる『夫の親友に犯●れ…』などヌキ所満載！	2014-10-09	辱め, 熟女, 人妻・主婦, 寝取り・寝取られ・NTR, ベスト・総集編, 独占配信		溜池ゴロー		溜池ゴロー	牧原れい子, 西野翔, 愛咲れいら（原千尋）, 村上涼子（中村りかこ、黒木菜穂）, 翔田千里, 浅井舞香, 川上ゆう（森野雫）, 澤村レイコ（高坂保奈美、高坂ますみ）, 佐藤みき（佐藤美紀、鈴木志帆）, 波多野結衣, Hitomi（田中瞳）, 北条麻妃, 椎名ゆな, 結城みさ, JULIA, 矢部寿恵, 沖田杏梨, 秋野千尋, 稲川なつめ, 上原千尋, 三浦恵理子, 倉多まお, 神波多一花, 七海ひさ代, 大場ゆい, 伊原詩織, 南紗穂, 戸田さゆり, 保坂えり, 大橋ひとみ, 篠宮奈津子, 佐々木しおり, 森沢かな（飯岡かなこ）, 高梨あゆみ, 相原ひとみ	143636	4.72
HND-128	hnd00128	中出しを教えるヤリマン巨乳女教師 沖田杏梨	沖田杏梨                                                      3週間前                                                                                            呼吸してます。 太りましたが、 なかなかむっちりも良いもんです。 もう少し、まっててね。	2014-09-20	無修正リーク, 痴女, 巨乳, 単体作品, 中出し, パイズリ, 淫語, ハイビジョン, 独占配信	中出しを教える○○	本中	ラッシャーみよし	本中	沖田杏梨	374666	4.69
PPBD-083	ppbd00083	柔らか巨乳での挟射は膣挿入以上の快感！！射精直前の気持ちいいパイズリ100連発！！ - 葉月奈穂（葉月菜穂）	射精直前～直後の一番気持ち良い瞬間だけを収録した巨乳パイズリ100連発！約2分間に1発射！超連続パイズリ射精で見飽きません！おっぱい好き専用AVメーカーだからこその、こだわりのパイズリシーンのみを厳選して収録！無駄なシーンを一切排除し、高クオリティをお約束！最大に膨張したチンコが乳圧に耐えきれず濃厚ザーメンを発射！迫力ある巨乳パイズリは必見！	2014-09-13	美乳, 巨乳, 巨乳フェチ, パイズリ, ベスト・総集編, 超乳, 独占配信		OPPAI		OPPAI	葉月奈穂（葉月菜穂）, 青山菜々, 水城奈緒, 浜崎りお（森下えりか、篠原絵梨香）, 杏美月, 佐山愛, めぐり（藤浦めぐ）, 森ななこ, 佐藤みき（佐藤美紀、鈴木志帆）, 長澤あずさ, Hitomi（田中瞳）, 葵ぶるま, 花美ひな, 椎名ゆな, 菅野さゆき, 橘なお（上原海里）, 西條るり, JULIA, 水咲カレン, 櫻井夕樹, 仁科百華, 菜月アンナ, 小出遥, 白戸もも, 百花エミリ, 沖田杏梨, 木咲美琴, 持田美琴, みなせ優夏, 桃実, 大月まゆか, 菅野みいな, 綾瀬みなみ, 鈴宮理恵, 知世奏, 新山かえで, 小早川怜子, 美月優芽, 尾上若葉, 倉多まお, 三浦奏, 浜崎真緒, 北乃ちか, 星野来夢, 愛乃なみ, 吉永あかね, 入江愛美, 保坂えり, 立川理恵, 風音りん, 吉澤留美, ももい理乃, 椎名まりな, 愛実れい	318573	4.34
MIDE-151	mide00151	同時にイクまで昇り詰めるSEX 沖田杏梨	沖田杏梨                                                      3週間前                                                                                            呼吸してます。 太りましたが、 なかなかむっちりも良いもんです。 もう少し、まっててね。	2014-09-07	無修正リーク, お姉さん, ランジェリー, 単体作品, デジモ, 超乳, ハイビジョン, 独占配信	同時にイクまで昇り詰めるSEX	ムーディーズ	cobo	MOODYZ DIVA	沖田杏梨	618707	3.25
KDMI-021	kdmi00021	挑発タイトイズム BEST - 沖田杏梨	いい女のいい服、極上に仕上がった美女たちの総集編。極上のグラマラスボディーの完全着衣FUCK。	2014-09-05	パンスト・タイツ, ミニスカ, ボディコン, 脚フェチ, 尻フェチ, ベスト・総集編, 4時間以上作品	挑発タイトイズム	ミル	DOPAMIX	ミル	沖田杏梨, 遥花しいな, 一ノ瀬ルカ, 佐々木恋海（向井恋）	769299	3.89
BF-333	bf00333	爆乳限定！ハメ狂い激振騎乗位8時間！ - 芦名未帆（稲森しほり）	猛烈に腰を動かし男を骨抜きにする極上の騎乗位のみ厳選！！エロのスイッチが入った働く美女たちのハメ狂い極上騎乗位テクニックをご覧アレ！！「気持ちよすぎて勝手に腰が動いちゃう…！」	2014-09-04	巨乳, 騎乗位, ベスト・総集編, 独占配信		BeFree		BeFree	芦名未帆（稲森しほり）, 織田真子, 波多野結衣, 椎名ゆな, 緒川凛, 周防ゆきこ, 菜月アンナ, 篠原杏, 上原保奈美, 沖田杏梨, さとう遥希, みなせ優夏, 一ノ瀬ルカ, 舞咲みくに, 新山かえで, 芦名ユリア, 小早川怜子, 尾上若葉, 浜崎真緒, 知花メイサ, 本田岬, 野宮さとみ, 愛乃なみ, 水野朝陽, 保坂えり, 弓束ちはや, 西川りおん, 椎名まりな, 愛実れい, 槇原愛菜, 永作ゆう美, 山手栞, 橘優花, 百合川さら	852058	3.00
WANZ-225	wanz00225	生徒に自宅を乗っ取られた若妻女教師 美人妻が奴●ペットと化す3日間の凌●劇 沖田杏梨	沖田杏梨                                                      3週間前                                                                                            呼吸してます。 太りましたが、 なかなかむっちりも良いもんです。 もう少し、まっててね。	2014-08-28	無修正リーク, 女教師, 巨乳, 単体作品, 超乳, ハイビジョン, 独占配信	生徒に自宅を乗っ取られた若妻女教師	ワンズファクトリー		WANZ	沖田杏梨	237482	4.01
PGD-709	pgd00709	沖田杏梨とイチャイチャ中出し同棲生活。	沖田杏梨                                                      3週間前                                                                                            呼吸してます。 太りましたが、 なかなかむっちりも良いもんです。 もう少し、まっててね。	2014-08-02	無修正リーク, 巨乳, 単体作品, 中出し, 主観, デジモ, ハイビジョン, 独占配信	イチャイチャ中出し同棲生活	プレミアム		GLAMOROUS	沖田杏梨	492545	3.41
MIMK-020	mimk00020	母姉W相姦 木下あずみ 沖田杏梨		2014-07-26	無修正リーク, 痴女, 人妻・主婦, 巨乳, 近親相姦, デジモ, ハイビジョン, 独占配信		ムーディーズ	ピエロ田	まんきつ	沖田杏梨, 木下あずみ	453094	2.98
WANZ-219	wanz00219	10発中出しするまで勃起させちゃうお姉様SEXテクニック 沖田杏梨	沖田杏梨                                                      3週間前                                                                                            呼吸してます。 太りましたが、 なかなかむっちりも良いもんです。 もう少し、まっててね。	2014-07-26	痴女, 巨乳, 単体作品, 騎乗位, 中出し, パイズリ, ハイビジョン, 独占配信	10発中出しするまで勃起させちゃうお姉様SEXテクニック	ワンズファクトリー		WANZ	沖田杏梨	958880	2.03
TYWD-055	tywd00055	厳選！淫乱女優24人の感度が高すぎる熱情SEX - 風間ゆみ	脚をピーンと伸ばして、止まらない痙攣。とめどなく飛び散る快感潮。グイッと仰け反る昇天絶頂。そんな反応を繰り返す、感度が高すぎる淫乱女優のセックスシーンのみを厳選収録！敏感な女のセックスは、判り易く見ごたえのある絶頂シーンが沢山入っていてお得です！	2014-07-13	淫乱・ハード系, ベスト・総集編, 独占配信		乱丸		乱丸	風間ゆみ, 友田真希, 村上涼子（中村りかこ、黒木菜穂）, 辻本りょう, 翔田千里, 川上ゆう（森野雫）, 艶堂しほり（遠藤しおり）, 澤村レイコ（高坂保奈美、高坂ますみ）, 波多野結衣, 長澤あずさ, 北条麻妃, 井川ゆい, 碧しの（篠めぐみ）, 泉麻那, 西條るり, 桐岡さつき, 仁科百華, 近澤まゆみ, 沖田杏梨, 山本美和子, 小早川怜子, 音丸, 桜井あゆ	765291	4.31
MIGD-598	migd00598	早漏改善プロジェクト 爆乳お姉さんご褒美中出しスペシャル！ 沖田杏梨	沖田杏梨                                                      3週間前                                                                                            呼吸してます。 太りましたが、 なかなかむっちりも良いもんです。 もう少し、まっててね。	2014-07-10	痴女, お姉さん, 巨乳, 単体作品, 中出し, デジモ, ハイビジョン, 独占配信	早漏改善プロジェクト	ムーディーズ	キョウセイ	MOODYZ Gati	沖田杏梨	421198	3.10
MBYD-197	mbyd00197	ジックリ観れる！！ 溜池ゴロー BEST HIT 30タイトル 8時間 - 風間ゆみ		2014-07-10	熟女, 若妻・幼妻, 人妻・主婦, ベスト・総集編, 独占配信	ジックリ観れる！！ 溜池ゴロー BEST HIT	溜池ゴロー		溜池ゴロー	風間ゆみ, 西野翔, 翔田千里, 青山菜々, 杏美月, 浅井舞香, 森ななこ, 佐藤みき（佐藤美紀、鈴木志帆）, 波多野結衣, Hitomi（田中瞳）, 椎名ゆな, 菅野さゆき, 結城みさ, 西條るり, JULIA, 矢部寿恵, 沖田杏梨, 秋野千尋, 稲川なつめ, 小早川怜子, 三浦恵理子, 七海ひさ代, 大場ゆい, 堀内秋美, 南紗穂, 森沢かな（飯岡かなこ）	591632	2.22
WANZ-201	wanz00201	エロ痴女逆3Pナース 沖田杏梨 蓮実クレア		2014-06-28	看護婦・ナース, 痴女, 巨乳, 3P・4P, ハイビジョン, 独占配信	エロ痴女逆○Pナース	ワンズファクトリー		WANZ	沖田杏梨, 蓮実クレア	868157	3.85
MIBD-828	mibd00828	馬乗りで上から淫語を浴びせかける腰フリ騎乗位 - つぼみ		2014-06-13	痴女, 淫乱・ハード系, 騎乗位, 淫語, デジモ, 4時間以上作品, ベスト、総集編		MOODYZ			つぼみ, 佐山愛, 菅野さゆき, JULIA, 沖田杏梨, さとう遥希, 上原亜衣, 綾瀬みなみ, 一ノ瀬ルカ, 上原志織, 乃々果花	481670	4.30
MIDE-119	mide00119	Kcup超絶品ソープ嬢 沖田杏梨	沖田杏梨                                                      3週間前                                                                                            呼吸してます。 太りましたが、 なかなかむっちりも良いもんです。 もう少し、まっててね。	2014-06-08	お姉さん, キャバ嬢・風俗嬢, 巨乳, 単体作品, デジモ, ハイビジョン, 独占配信	超絶品ソープ嬢	ムーディーズ	K.C.武田	MOODYZ DIVA	沖田杏梨	654858	4.13
PPPD-288	pppd00288	巨乳女教師の誘惑 沖田杏梨	沖田杏梨                                                      3週間前                                                                                            呼吸してます。 太りましたが、 なかなかむっちりも良いもんです。 もう少し、まっててね。	2014-05-17	無修正リーク, 女教師, 痴女, 巨乳, 巨乳フェチ, 単体作品, パイズリ, ハイビジョン, 独占配信	巨乳女教師の誘惑（OPPAI）	OPPAI		OPPAI	沖田杏梨	565830	2.39
TYWD-053	tywd00053	射精5分前ピストンにイキ狂う淫乱女88連発8時間 - 笠木忍	セックス好きな女が一番感じる時間…。それは射精前の遠慮ない激しいピストン、そしてスポンとチンポが抜ける瞬間！この射精前の時間には、女がイキまくる要素がたっぷり詰まってます！淫乱女たちの一番気持ちいい時間を88連発でたっぷりご堪能ください！	2014-05-17	巨乳, 淫乱・ハード系, ベスト・総集編, 独占配信		乱丸		乱丸	笠木忍, 風間ゆみ, 水元ゆうな, 青木玲, 白鳥るり, 乃亜（鳥越乃亜）, 愛咲れいら（原千尋）, 妃乃ひかり, 芦名未帆（稲森しほり）, 辻本りょう, 翔田千里, 江波りゅう（RYU), 青山菜々, 小坂めぐる, 川上ゆう（森野雫）, 樹花凜（七咲楓花）, 森ななこ, 澤村レイコ（高坂保奈美、高坂ますみ）, 波多野結衣, 長澤あずさ, 玲丸, Hitomi（田中瞳）, 長谷川ミク, 成瀬心美（ここみ）, 北条麻妃, 大槻ひびき, 椎名ゆな, 松すみれ, 碧しの（篠めぐみ）, 友田彩也香, 結城みさ, 西條るり, 伊織涼子, 美咲結衣, 水咲カレン, 桐岡さつき, 琥珀うた, 仁科百華, 近澤まゆみ, 北川瞳, 沖田杏梨, 愛原さえ, 西野まお, 水澤まお（永沢まおみ）, さとう遥希, 悠月舞, 水沢杏香, 木島るみ, 山本美和子, さくら悠, 夏目優希, 愛内希, 青山沙希, 木村つな, 知世奏, 小早川怜子, 尾上若葉, 音丸, 浜崎真緒, 仲丘たまき（片岡まきな）, 桜井あゆ, 河愛雪乃, 高梨あゆみ, 市来美保, 葉月可恋	936764	2.18
TYWD-052	tywd00052	淫乱AV乱丸 2013年発売作品全部入り8時間 - 風間ゆみ	淫乱AVメーカー「乱丸」の2013年に発売された全作品を収録した総集編です！13年度を代表する淫乱女優を詰め込みました！自ら腰を振りながら、潮を吹き散らし、体を震わせてイキまくる…そんな淫乱シーンをたっぷりご覧ください！	2014-04-13	淫乱・ハード系, 潮吹き, ベスト・総集編, デジモ, 独占配信	淫乱AV乱丸 ○年発売作品 全部入り8時間	乱丸		乱丸	風間ゆみ, 乃亜（鳥越乃亜）, 辻本りょう, 翔田千里, 江波りゅう（RYU), 青山菜々, 川上ゆう（森野雫）, 澤村レイコ（高坂保奈美、高坂ますみ）, 波多野結衣, 長谷川ミク, 北条麻妃, 大槻ひびき, 椎名ゆな, 碧しの（篠めぐみ）, 西條るり, 琥珀うた, 仁科百華, 沖田杏梨, さくら悠, 夏目優希, 小早川怜子, 尾上若葉, 浜崎真緒, 仲丘たまき（片岡まきな）, 桜井あゆ, 河愛雪乃, 葉月可恋	223856	4.03
MIDE-095	mide00095	女教師レ●プ輪● 沖田杏梨	沖田杏梨                                                      3週間前                                                                                            呼吸してます。 太りましたが、 なかなかむっちりも良いもんです。 もう少し、まっててね。	2014-04-10	女教師, 巨乳, 単体作品, デジモ, 超乳, ハイビジョン, 独占配信	女教師 レ●プ 輪●	ムーディーズ	沢庵	MOODYZ DIVA	沖田杏梨	40024	4.05
BMW-055	bmw00055	良いオンナと特別なシチュエーションでハメる。 Special Night SEX 8times - 風間ゆみ		2014-03-29	お姉さん, その他フェチ, 中出し, ベスト・総集編, 独占配信		ワンズファクトリー		WANZ	風間ゆみ, 星野あかり, 妃乃ひかり, つぼみ, 森ななこ, 澤村レイコ（高坂保奈美、高坂ますみ）, 波多野結衣, 椎名ゆな, 結城みさ, 北川瞳, 上原保奈美, 沖田杏梨, 鶴田かな, 藤嶋唯, 尾上若葉, 三浦恵理子, 倉多まお, 愛乃なみ, 葵こはる（えりか）, 成宮ルリ, 保坂えり, 原千草, 森沢かな（飯岡かなこ）, 河愛雪乃	435854	2.10
PLB-006	plb00006	Platina 4周年記念「初」コンプリートBOX 8時間 - 夕樹舞子		2014-03-21	巨乳, 中出し, ベスト・総集編, 独占配信		ダスッ！		Platina	夕樹舞子, 水元ゆうな, 愛咲れいら（原千尋）, 青山菜々, かすみりさ, 中森玲子, 長澤あずさ, 橘なお（上原海里）, 小泉なほ, 前田優希, 七瀬ルナ, 上原保奈美, 真木今日子, 沖田杏梨, 双葉みか, みなせ優夏, 夢実あくび（夢見あくび、新田あくび、小川まどか）, そらのゆめ, 大島あいる, 小早川怜子, 佐藤つかさ, 小林さや	350651	4.96
PPBD-076	ppbd00076	男なら一度はヤッてみたい細身巨乳スタイルBEST 50人4時間 - 水城奈緒	細身なのに鷲掴みできる巨大ボイン！！キュッ！とクビレた腰にプリン！とした美巨乳を装備した女優50人を厳選！！細い腰を持って突き上げるとプルプル震える柔らかおっぱい！！チンポを魅惑する卓越されたボディラインをクネらせよがり狂ういい女ばっかり！！	2014-03-15	美乳, お姉さん, 巨乳, 巨乳フェチ, パイズリ, ベスト・総集編, 独占配信	男なら一度はヤッてみたい	OPPAI		OPPAI	水城奈緒, 浜崎りお（森下えりか、篠原絵梨香）, 佐山愛, 中森玲子, 恵けい, 葵ぶるま, 成瀬心美（ここみ）, ましろ杏, 菅野さゆき, 葵えり, 平山薫, 上木奈央, 西條るり, JULIA, 羽月希, 大沢かえで, 水咲カレン, 仁科百華, 小出遥, 百花エミリ, 沖田杏梨, みなせ優夏, 大月まゆか, 菅野みいな, 大島あいる, 知世奏, 新山かえで, 上原怜奈, 瑞乃ありさ, 吉永あかね	719161	2.71
TYWD-051	tywd00051	汗！ヨダレ！潮！無我夢中ガムシャラ汁まみれ絶頂68連発4時間 - 笠木忍	自分がどう見られているかなんて、お構い無し！汗まみれでヨダレを垂らし、絶頂と同時に潮を吹き散らす、汁ダクな女たちはお嫌いですか？そんな女たちの絶頂シーンを68コーナーたっぷり収録しました！	2014-03-15	潮吹き, ベスト・総集編, デジモ, 独占配信		乱丸		乱丸	笠木忍, 友田真希, 西野翔, 田中梨子, 星野あかり, 櫻井ゆうこ, @YOU, 村上涼子（中村りかこ、黒木菜穂）, 妃乃ひかり, 晶エリー（新井エリー、大沢佑香）, 翔田千里, Marin., 浜崎りお（森下えりか、篠原絵梨香）, 香椎杏子, 前乃さとみ, 川上ゆう（森野雫）, 東野愛鈴, 花井メイサ, 春風えみ, 一ノ瀬あきら, 艶堂しほり（遠藤しおり）, 樹花凜（七咲楓花）, KYOKO, あのあるる, 橘ミオン（石川鈴華）, 須真杏里（須真杏理）, 佐田あゆみ, 倉科さやか, 岡山涼花, 女池さゆり, 滝川恵理（有沢実紗）, 北条麻妃, 大槻ひびき, ましろ杏, RUMIKA, 碧しの（篠めぐみ）, 泉麻那, まりか, COCONA（ココナ）, 桐岡さつき, 仁科百華, 近澤まゆみ, 櫻井ともか, 沖田杏梨, 愛原さえ, 雛丸, 西野まお, 水澤まお（永沢まおみ）, 希咲エマ（HARUKI、加藤はる希）, 悠月舞, 水沢杏香, 木島るみ, 岩佐あゆみ, 山本美和子, 夏目優希, 青山沙希, 木村つな, 音丸, 河愛雪乃, 広瀬奈々美（堀口奈津美）	683488	3.51
MIDE-083	mide00083	桃乳逆レ●プナース 沖田杏梨	沖田杏梨                                                      3週間前                                                                                            呼吸してます。 太りましたが、 なかなかむっちりも良いもんです。 もう少し、まっててね。	2014-03-09	無修正リーク, 看護婦・ナース, 痴女, 単体作品, デジモ, 超乳, ハイビジョン, 独占配信	桃乳逆レ●プナース	ムーディーズ	シャンティYAZAWA	MOODYZ DIVA	沖田杏梨	388627	4.51
BF-297	bf00297	BeFree 2013 CompleteBEST 46タイトル8時間 - 西野翔	2013年に発売された撮卸全46タイトル完全収録！家庭教師、チアリーダー、レースクィーン、女教師、インストラクター、人妻、スチュワーデス、女将…。色んな働く女のドキュメントがたっぷり詰まった総集編！！	2014-03-06	女将・女主人, 家庭教師, ドキュメンタリー, ベスト・総集編, 独占配信	BeFree CompleteBEST	BeFree		BeFree	西野翔, 芦名未帆（稲森しほり）, 江波りゅう（RYU), つぼみ, 織田真子, 波多野結衣, 長谷川ミク, 椎名ゆな, 周防ゆきこ, 菜月アンナ, 上原保奈美, 沖田杏梨, 芦名ゆりあ, みなせ優夏, 愛田奈々, 山本美和子, 一ノ瀬ルカ, 稲川なつめ, 春原未来, 舞咲みくに, 小早川怜子, 尾上若葉, 双葉かな（大島里奈）, 浜崎真緒, 野村あいの, 知花メイサ, 本田岬, 野宮さとみ, 愛乃なみ, 成宮ルリ, 仲丘たまき（片岡まきな）, 柏木美玲, 横山夏希, 西川りおん, 森沢かな（飯岡かなこ）, 白鳥ゆな, 橘優花	316457	3.00
BMW-053	bmw00053	じっくり最後まで搾り取る！！お掃除フェラBEST - 江波りゅう（RYU)	発射直前の1番気持ち良い瞬間、我慢の限界を迎えたアソコからほとばしる精子！！イったばかりの敏感なチ○ポを愛情持って優しくご奉仕する掃除フェラBESTが誕生です！！ワンズファクトリーだから可能な女優クオリティーと作品クオリティー。男女共に気持ち良い最高の瞬間をお楽しみ下さい★	2014-02-27	美少女, お姉さん, フェラ, ベスト・総集編, 独占配信		ワンズファクトリー		WANZ	江波りゅう（RYU), つぼみ, 川上ゆう（森野雫）, 波多野結衣, 椎名ゆな, 土屋慧, 結城みさ, 西條るり, 北川瞳, 上原保奈美, 沖田杏梨, さとう遥希, 鶴田かな, さくら悠, 夏目優希, 稲川なつめ, 春原未来, 藤嶋唯, 小早川怜子, 尾上若葉, 三浦恵理子, 倉多まお, 野宮さとみ, 愛乃なみ, 吉永あかね, 入江愛美, 桜井あゆ, 保坂えり, 湊莉久, 西川りおん, 葉山ゆめの	881016	4.69
TYWD-050	tywd00050	イキっぱなし淫乱SEX16時間 - 笠木忍	痙攣する体！野獣の雄たけび！激しい腰ふり！セックスの虜になった女たちが見せる「淫乱セックス」をたっぷり詰め込みました！モチロン挿入から発射までしっかり収録！これぞ淫乱セックス決定版！	2014-02-15	淫乱・ハード系, ベスト・総集編, デジモ, 4時間以上作品, 独占配信		乱丸		乱丸	笠木忍, 風間ゆみ, 友田真希, 貝満ひとみ, 水元ゆうな, nao.（小池ひとみ）, 青木玲, 白鳥るり, 乃亜（鳥越乃亜）, 西野翔, 田中梨子, 寧々, 柊早矢（美咲ゆりあ）, 星野あかり, 峰なゆか, 櫻井ゆうこ, @YOU, 雪野ひかる, 村上涼子（中村りかこ、黒木菜穂）, 北田優歩, 晶エリー（新井エリー、大沢佑香）, 辻本りょう, 鈴木杏里, 翔田千里, Marin., 早川瀬里奈, 江波りゅう（RYU), 春咲あずみ, 水野美香, 柳田やよい, 星優乃, 浜崎りお（森下えりか、篠原絵梨香）, 雪見紗弥, 香椎杏子, 前乃さとみ, 川上ゆう（森野雫）, 東野愛鈴, 花井メイサ, 春風えみ, 艶堂しほり（遠藤しおり）, 樹花凜（七咲楓花）, 森ななこ, 平井綾, 澤村レイコ（高坂保奈美、高坂ますみ）, あのあるる, 橘ミオン（石川鈴華）, 須真杏里（須真杏理）, 一戸のぞみ, 長澤あずさ, 佐田あゆみ, 倉科さやか, ひなのりく, 岡山涼花, 玲丸, Hitomi（田中瞳）, 長谷川ミク, 女池さゆり, 滝川恵理（有沢実紗）, 北条麻妃, 大槻ひびき, 諸星セイラ（百瀬涼）, ましろ杏, 佐倉美佐, RUMIKA, ジゼル, 松すみれ, 愛音ゆり, 井川ゆい, 相原れな（三浦加奈、篠原リョウ）, 碧しの（篠めぐみ）, 妃悠愛（長澤杏奈、水原里香、木崎祐子）, 泉麻那, 雫パイン, まりか, 瀬奈涼, 結城みさ, 西條るり, 伊織涼子, COCONA（ココナ）, 桐岡さつき, 琥珀うた, 仁科百華, 近澤まゆみ, 櫻井ともか, 沖田杏梨, 愛原さえ, 雛丸, 水澤まお（永沢まおみ）, さとう遥希, 希咲エマ（HARUKI、加藤はる希）, 悠月舞, 水沢杏香, 山本美和子, 夏目優希, 知世奏, 豹丸, 小早川怜子, 尾上若葉, 音丸, 仲丘たまき（片岡まきな）, 広瀬奈々美（堀口奈津美）	981131	2.25
MIMK-017	mimk00017	クリムゾン×MOODYZスペシャルコラボ企画 アイドル強●操作 〜スマホで命令したことが現実に〜 命令に抗い続ける女 織田真子		2014-02-08	辱め, 巨乳, 中出し, デジモ, ハイビジョン, 独占配信	クリムゾンコラボ	ムーディーズ	HiroA	まんきつ	織田真子, 沖田杏梨	884495	2.16
MIDE-070	mide00070	またがり淫語お姉さん 沖田杏梨	沖田杏梨                                                      3週間前                                                                                            呼吸してます。 太りましたが、 なかなかむっちりも良いもんです。 もう少し、まっててね。	2014-02-08	痴女, 巨乳, 単体作品, 騎乗位, 淫語, デジモ, 超乳, ハイビジョン, 独占配信	またがり淫語お姉さん	ムーディーズ	cobo	MOODYZ DIVA	沖田杏梨	32997	2.52
TYWD-049	tywd00049	キマリすぎた敏感絶品BODY8時間 - 峰なゆか	淫乱AVメーカー乱丸に出演した女優から、感度が良くて、スタイルの良い女優のみを集めた総集編です！巨乳を揺らしながら、クビレバッチリの腰振りセックスの数々！見所満載の1作です！	2014-01-12	美乳, 巨乳, 淫乱・ハード系, ベスト・総集編, デジモ, 独占配信		乱丸		乱丸	峰なゆか, 櫻井ゆうこ, 村上涼子（中村りかこ、黒木菜穂）, 妃乃ひかり, 鈴木杏里, 青山菜々, 春咲あずみ, 水城奈緒, 浜崎りお（森下えりか、篠原絵梨香）, 小坂めぐる, 真田春香, 花井メイサ, 森ななこ, Hitomi（田中瞳）, 成瀬心美（ここみ）, 北条麻妃, 椎名ゆな, ましろ杏, 松すみれ, まりか, 西條るり, 水咲カレン, 仁科百華, 北川瞳, 沖田杏梨, 愛原さえ, さとう遥希, さくら悠, 小早川怜子, 尾上若葉	880861	3.19
MIMK-016	mimk00016	クリムゾン×MOODYZスペシャルコラボ企画 アイドル強●操作 〜スマホで命令したことが現実に〜 命令に逆らえない女 沖田杏梨	沖田杏梨                                                      3週間前                                                                                            呼吸してます。 太りましたが、 なかなかむっちりも良いもんです。 もう少し、まっててね。	2014-01-09	辱め, 巨乳, 単体作品, アイドル・芸能人, デジモ, ハイビジョン, 独占配信	クリムゾンコラボ	ムーディーズ	HiroA	まんきつ	沖田杏梨	308466	2.72
ONSD-767	onsd00767	高画質 黄金比ボディスペシャル - 麻美ゆま		2014-01-07	巨乳, 淫乱・ハード系, 3P、4P, ベスト、総集編, 芸能人	黄金比ボディ	エスワン ナンバーワンスタイル			麻美ゆま, 初音みのり, かすみりさ, 明日花キララ, 佳山三花, 桜ここみ, 小沢真理奈, 沖田杏梨, 奥田咲, 安齋らら	345689	4.43
ONSD-766	onsd00766	大きくて柔らか〜いオッパイで激しくシコシコされて大量射精！ パイズリ挟射 高画質スペシャル - 麻美ゆま	S1のあの人気シリーズ「敏感爆乳パイズリ挟射」がベスト作品になって登場！今までにこのシリーズを観た事がある方も無い方も楽しめる全31コーナー収録！柔らかいオッパイでシコシコされて大量射精する様子を、射精前後の一番気持ちイイ瞬間を貴男にお届けします！	2013-12-28	巨乳, パイズリ, ベスト・総集編, ハイビジョン, 独占配信	S1 GIRLS COLLECTION	エスワン ナンバーワンスタイル		S1 NO.1 STYLE	麻美ゆま, 春菜はな, 西條るり, 真木こころ, 沖田杏梨, 姫野ゆうり, 鶴田かな, 倉多まお, 星野ナミ, 月奈もえ, 倉持結愛, 夢乃あいか	203412	4.01
BMW-049	bmw00049	どこから観てもクライマックス！！ 女がイク瞬間 8時間 - つぼみ	どこから観てもテンションMAX！女の子たちのイク瞬間を一作に集めました！押し寄せる快感に抗えずイキ果てる女の子を厳選収録！潮吹き、悶絶、絶叫などなど…絶頂する瞬間がまとめて観れちゃいます！ヌキ所てんこ盛り！十人十色のオーガズムをタップリ収録した絶頂集！！	2013-12-21	巨乳, 淫乱・ハード系, 潮吹き, ベスト・総集編, 独占配信		ワンズファクトリー		WANZ	つぼみ, 川上ゆう（森野雫）, 澤村レイコ（高坂保奈美、高坂ますみ）, 波多野結衣, 長谷川ミク, 大槻ひびき, 椎名ゆな, 土屋慧, 西條るり, 北川瞳, 上原保奈美, 沖田杏梨, すみれ（東尾真子）, さとう遥希, 鶴田かな, さくら悠, 夏目優希, 平原みなみ, 稲川なつめ, 春原未来, 藤嶋唯, 小早川怜子, 松下ひかり, 尾上若葉, 倉多まお, 野宮さとみ, 愛乃なみ, 河合千里, 仲丘たまき（片岡まきな）, 吉永あかね, 入江愛美, 原千草, 西川りおん, 葉山ゆめの	144953	4.75
HNDB-031	hndb00031	本中3周年 全59作品12時間 - 愛咲れいら（原千尋）	おかげさまで本中は3周年を迎えることができました！そこで！これまでの本中作品59作品全てを収録した中出しベストをクリスマスプレゼントしちゃいます！ギャル、美少女、巨乳、人気女優の中出しをまるっと1つにまとめました♪これがあればきっと貴方のクリスマスも暖かくなること間違いなし！良いお年を♪	2013-12-15	巨乳, 中出し, ベスト・総集編, 独占配信		本中		本中	愛咲れいら（原千尋）, 二宮沙樹, 杏美月, ERIKA（モカ、MOKA）, 澤村レイコ（高坂保奈美、高坂ますみ）, みづなれい（みずなれい）, RUMIKA, 瑠菜（安西瑠菜、RUNA）, 友田彩也香, 泉麻那, 大沢美加（廣田まりこ）, 橘なお（上原海里）, 鈴音りおな, 武藤クレア, 秋本詩音, あいみ, 宇佐美なな, 北川瞳, 本多成実, 沖田杏梨, 坂野由梨, 西山香菜, ASUKA, 杏子ゆう, 平原みなみ, 一ノ瀬ルカ, 西園寺れお, 稲川なつめ, 初美沙希, さわきりほ, 新山かえで, 山下優衣, 武井麻希, 宮地由梨香, 小早川怜子, 美月優芽, 吉本ななこ, 知花メイサ, 野宮さとみ, 葵こはる（えりか）, 桜すなお, 吉見りいな, 雪本芽衣, 雪野りこ, 椿かなり, 立川理恵, 湊莉久, 市来美保	660642	2.05
TYWD-048	tywd00048	欲しくて欲しくて堪らない女たち120人！ 挿入の瞬間120連発 - 笠木忍	挿入の瞬間は、男はもちろん、女も最高に高まる瞬間です！ただでさえ感度の高い女たちは、なおさら一挿しに悦びを感じるのです！淫乱女がトランスする、挿入の瞬間を120挿入分たっぷりお楽しみください！必ずあなた好みの「挿入された女の快感マックスな瞬間」が見つかるはずです！	2013-12-12	その他フェチ, 淫乱・ハード系, ベスト・総集編, デジモ, 独占配信		乱丸		乱丸	笠木忍, 風間ゆみ, 友田真希, 水元ゆうな, nao.（小池ひとみ）, 青木玲, 乃亜（鳥越乃亜）, 西野翔, 田中梨子, 愛咲れいら（原千尋）, 寧々, 柊早矢（美咲ゆりあ）, 星野あかり, 峰なゆか, 櫻井ゆうこ, @YOU, 雪野ひかる, 村上涼子（中村りかこ、黒木菜穂）, 妃乃ひかり, 北田優歩, 芦名未帆（稲森しほり）, 晶エリー（新井エリー、大沢佑香）, 葉月奈穂（葉月菜穂）, 鈴木杏里, 翔田千里, Marin., 早川瀬里奈, 江波りゅう（RYU), 青山菜々, 春咲あずみ, 水野美香, 水城奈緒, 柳田やよい, 星優乃, 浜崎りお（森下えりか、篠原絵梨香）, 小坂めぐる, 雪見紗弥, 香椎杏子, 田中亜弥, 前乃さとみ, ERIKA（モカ、MOKA）, 川上ゆう（森野雫）, 東野愛鈴, 花井メイサ, 春風えみ, 一ノ瀬あきら, 艶堂しほり（遠藤しおり）, 樹花凜（七咲楓花）, KYOKO, 森ななこ, 平井綾, 澤村レイコ（高坂保奈美、高坂ますみ）, あのあるる, 橘ミオン（石川鈴華）, 須真杏里（須真杏理）, 一戸のぞみ, 長澤あずさ, 佐田あゆみ, 倉科さやか, ひなのりく, 岡山涼花, Hitomi（田中瞳）, 長谷川ミク, 女池さゆり, 鈴木ミント, 滝川恵理（有沢実紗）, 成瀬心美（ここみ）, 北条麻妃, 大槻ひびき, 椎名ゆな, 希内あんな, 星崎アンリ, 諸星セイラ（百瀬涼）, ましろ杏, 佐倉美佐, RUMIKA, 愛音ゆり, 井川ゆい, 相原れな（三浦加奈、篠原リョウ）, 碧しの（篠めぐみ）, 妃悠愛（長澤杏奈、水原里香、木崎祐子）, 泉麻那, 雫パイン, まりか, 大沢美加（廣田まりこ）, 村西まりな, 結城みさ, 伊織涼子, 水咲カレン, COCONA（ココナ）, 桐岡さつき, 仁科百華, 近澤まゆみ, 北川瞳, 櫻井ともか, 沖田杏梨, 雛丸, 水澤まお（永沢まおみ）, さとう遥希, 希咲エマ（HARUKI、加藤はる希）, 水沢杏香, 木島るみ, 山本美和子, さくら悠, 夏目優希, 青山沙希, 知世奏, 小早川怜子, 尾上若葉, 音丸, 仲丘たまき（片岡まきな）, 広瀬奈々美（堀口奈津美）	711638	2.35
ONSD-763	onsd00763	高画質 巨乳とのセックス 8時間 - 麻美ゆま	「揺れる！」「弾む！」「こぼれる！」S1自慢の巨乳アイドルたちのオッパイ弾むド派手な高画質爆乳SEX作品！極上ボディを美味しいアングルでたっぷりと大迫力＆鮮明映像でお届け！	2013-12-12	美少女, 巨乳, 巨乳フェチ, アイドル・芸能人, ベスト・総集編, ハイビジョン, 独占配信	S1 GIRLS COLLECTION	エスワン ナンバーワンスタイル		S1 NO.1 STYLE	麻美ゆま, 初音みのり, 明日花キララ, 佳山三花, 桜ここみ, 黒川きらら, 春菜はな, 小沢真理奈, 梓ユイ, 西條るり, 真木こころ, 篠原杏, 上原保奈美, 沖田杏梨, 奥田咲, 水川菜々子, 姫野ゆうり, 鶴田かな, アンジェ, 絵里奈モア, 長谷川リホ, 芦名ユリア, 成田つかさ, 仲里紗羽, 倉多まお, 伊藤りな, 星野ナミ, 月奈もえ, 本田岬, 江崎リリカ, 倉持結愛, 夢乃あいか	211778	4.69
MDYD-856	mdyd00856	義母奴● 沖田杏梨	沖田杏梨                                                      3週間前                                                                                            呼吸してます。 太りましたが、 なかなかむっちりも良いもんです。 もう少し、まっててね。	2013-12-08	人妻・主婦, 巨乳, 近親相姦, 単体作品, ハイビジョン, 独占配信	義母奴●	溜池ゴロー	溜池ゴロー	溜池ゴロー	沖田杏梨	972228	3.79
MKCK-081	mkck00081	E-BODY 300SEX 24時間 - 風間ゆみ	過去300タイトルの中から性交だけを収録した300SEX！超長尺作品というだけでなく、E-BODYというメーカーだからこそ成し得たスーパーボディ女優の濃密セックスだけが収録されています。6年間の歴史が詰まった最高傑作をお楽しみ下さい。	2013-12-08	巨乳, 淫乱・ハード系, 潮吹き, ベスト・総集編, 独占配信, 16時間以上作品		E-BODY		E-BODY	風間ゆみ, 夏川葵, 松嶋れいな, Ryo, 黒木麻衣（花野真衣、SHIHO）, 峰なゆか, 羽田夕夏, 櫻井ゆうこ, 村上涼子（中村りかこ、黒木菜穂）, 妃乃ひかり, 木村彩, 山田マリコ, 小川あさ美, 小澤マリア, 麻美ゆま, 綾瀬メグ, 青山菜々, 春咲あずみ, 水城奈緒, 飯島夏希, 香坂杏奈, 水森あおい, 浜崎りお（森下えりか、篠原絵梨香）, 初音みのり, 真田春香, 杏美月, 澄川ロア, 高瀬みどり, 横山翔子, 雨音しおん, 紅りんご, かすみりさ, 宝生優果（羽野理沙）, 鈴木さとみ, ERIKA（モカ、MOKA）, あいぶらん（蜜井とわ）, 並木るか（橘ひな）, うるみゆう, 坂本愛海, 花井メイサ, 南沙也香, 春風えみ, 辻さき, 青木莉子（桜まい、片岡さき）, 一ノ瀬あきら, あいだゆき, 愛実（秋川ルイ）, 森ななこ, 石黒沙良, 紅城まゆ, 本田ゆかり, 里崎マリヤ, 広瀬ゆな, 高梨風花, 川瀬愛美, 矢沢もえ, 中森玲子, eco, 井川美保, 桜井エミリ, 緋村由衣, やまのあかね, 一戸のぞみ, 小栗涼, 黒木アリサ, 長澤あずさ, 佐田あゆみ, 恵けい, Hitomi（田中瞳）, 愛沢蓮, 工藤美紗, 小峰ひなた, 望月けい, 亜梨, 佳山三花, 片岡梨沙, 倖田みらい, 女池さゆり, 桜ここみ, 南ナミ, 里美ゆりあ, 成瀬心美（ここみ）, 伊東美姫, 沢木樹里, ASUKA, Erina, 真中ゆかり, 甲斐ミハル, 浅乃ハルミ, 石原こと, 吉川えみり, 星島ちさ, 宮坂レイア, 二宮せりな, 高瀬ひとみ, 椎名ゆな, 徠夢, 青空小夏, 沙月みちる, 中野愛里, 諸星セイラ（百瀬涼）, ましろ杏, 横山みれい, 宮藤レイコ, 松すみれ, 春菜はな, 七瀬友梨亜, 七葉しほり, 真矢ゆき, 伊東菜々, 高城ゆい, 小林さとみ, 立花結衣, 夏海ナミ, 黒澤あみ, 塚本渚, 高島恭子, 朋香めい, 乙葉真希, 小沢アリス, 菅野さゆき, 伊沢美春（伊沢美晴）, 仲村美緒, 北川エリカ, 池田美和子, 橘なお（上原海里）, 長谷川杏実（長谷川杏美）, 西條るり, JULIA, 椎名ひかる, 武藤クレア, 美咲結衣, 上村あずさ, 水咲カレン, 湖南みるく, 仁科百華, ゆうきさやか, 哀川りん, すずきりりか, 若菜ちえ, 瀬戸みずほ, 赤井美月, 北川瞳, ももかさくら, 佐々木はるか, 百花エミリ, 上原保奈美, 沖田杏梨, 奥田咲, 愛原さえ, 眞乃かすみ, さとう遥希, 姫野ゆうり, 綾瀬れん, 辻井美穂, 小鳥遊瀬那, 及川はるな, みなせ優夏, 来栖ひなた, あざみねね, 白川ゆかり, 菅野みいな, 陽菜, 上条めぐ（三浦芽依）, 成美雪菜, 上原もね, 鶴田かな, あすか光希, 綾瀬みなみ, 沙藤ユリ, 大島あいる, 北村わか, アンジェ, 舞咲みくに, 青山沙希, 愛乃, 日向リサ, 知世奏, 秋月めい, 長谷川リホ, 安達亜美, 新山かえで, 牧瀬みさ, 芦名ユリア, 西山真理, 原望美, 愛乃ゆな, 小早川怜子, 蒼井まなみ, 桜木莉愛（かじか凛）, 美月優芽, 尾上若葉, ティア, 三浦恵理子, 愛沢有紗, 今村なつ, 一色まりな, 星野来夢, 滝川ソフィア, 麻生ゆう, 知花メイサ, 松下美雪, 小泉真希, 愛乃なみ, 原沢ゆうあ, 米崎真理, 瑞乃ありさ, 桜木美央, 吉永あかね, 水野朝陽, 入江愛美, 保坂えり, 立川理恵, 篠原優, 大橋ひとみ, 吉澤留美, 藤堂ルシア, 原千草, 南條ユナ, 弓束ちはや, 西川りおん, 星咲優菜, 椎名まりな, AYU, 篠田あさみ, 高橋エミリー, 広瀬奈々美（堀口奈津美）	937319	2.65
MKCK-082	mkck00082	東洋一のクビレ巨乳 8時間 - 麻美ゆま	ボン、キュッ、ボンの美しいクビレに、こだわり尽くした1作です！E-BODY厳選のスレンダー＆グラマーのメリハリボディが絡み合い、力尽きるまで愛し合うセックスを魅せる！！世界を悩殺するS字曲線のナイスボディ総勢50名に首ったけ間違いなしです！！	2013-12-08	巨乳, スレンダー, 巨乳フェチ, 騎乗位, ベスト・総集編, 独占配信		E-BODY		E-BODY	麻美ゆま, 工藤美紗, 里美ゆりあ, 成瀬心美（ここみ）, Erina, 椎名ゆな, 春菜はな, 菅野さゆき, 北川エリカ, 西條るり, JULIA, 赤井美月, 上原保奈美, 沖田杏梨, 奥田咲, さとう遥希, 姫野ゆうり, みなせ優夏, 菅野みいな, 上原もね, あすか光希, 大島あいる, アンジェ, 舞咲みくに, 日向リサ, 知世奏, 長谷川リホ, 安達亜美, 新山かえで, 牧瀬みさ, 小早川怜子, 蒼井まなみ, 愛沢有紗, 今村なつ, 一色まりな, 滝川ソフィア, 知花メイサ, 小泉真希, 愛乃なみ, 吉永あかね, 水野朝陽, 保坂えり, 立川理恵, 篠原優, 藤堂ルシア, 原千草, 弓束ちはや, AYU, 篠田あさみ	306455	4.50
MBYD-177	mbyd00177	人妻の濃厚なお掃除フェラ8時間 - 笠木忍	人妻たちの顔がドロっと染まる濃厚フェラチオをたっぷり収録！夫の上司に犯●れ果てたチンポを丹念にお掃除。隣人を鍵で誘惑し情熱セックス、息子の友人との背徳性交や言いなり女教師が保健室での強●フェラ＆セックス、患者の穴奴●にされた女医など、超人気女優が多数収録されたネットリ特濃フェラ！	2013-12-08	熟女, 人妻・主婦, フェラ, ベスト・総集編, デジモ, 独占配信		溜池ゴロー		溜池ゴロー	笠木忍, 岩崎千鶴, 寺崎泉, 松本まりな, 風間ゆみ, 夢野まりあ, 友田真希, 青木玲, 西野翔, 愛咲れいら（原千尋）, 黒木麻衣（花野真衣、SHIHO）, 星野あかり, 村上涼子（中村りかこ、黒木菜穂）, 芦名未帆（稲森しほり）, 辻本りょう, 葉月奈穂（葉月菜穂）, 江波りゅう（RYU), 青山菜々, 遥めぐみ, 柳田やよい, 浜崎りお（森下えりか、篠原絵梨香）, 佐山愛, 樋口冴子（桐島千沙）, 北原夏美, 川上ゆう（森野雫）, 森ななこ, 澤村レイコ（高坂保奈美、高坂ますみ）, 細川まり, 中森玲子, 紗奈, 波多野結衣, 浅倉彩音, 滝川恵理（有沢実紗）, 柳井瞳, 椎名ゆな, 橘エレナ, 倉木さゆり, 美原咲子, 春日もも, 藤咲葵（愛川香織）, 高島恭子, 管野しずか, 結城みさ, 西條るり, 伊織涼子, JULIA, 江原あけみ（美輪ちあき）, 桐岡さつき, 荒木瞳, 雨宮真貴, 矢部寿恵, 上原保奈美, 沖田杏梨, さとう遥希, 藤沢芳恵, 柏木ゆり, 雪音ありさ, 岩佐あゆみ, 山本美和子, さおり（沙織）, 稲川なつめ, 春原未来, 青山葵, 上原千尋, 小早川怜子, 三浦恵理子, かすみひかり, 朝霧メイサ, 三井ゆかり, 冴島かおり, 堀内秋美, 仲丘たまき（片岡まきな）, 南紗穂, 戸田さゆり, 広瀬奈々美（堀口奈津美）	797509	4.82
BF-279	bf00279	グラマラスBODY×極エロ着衣SEX 24本番 8時間Special - 松嶋れいな	極エロ衣装を身に纏ったグラマラスボディーの女たちが魅せる24本番をたっぷりお見せします！！超・超・超お買い得な1作です！！汗にまみれて浮かび上がる極上エロ曲線の濃厚FUCKでイキまくる姿を見逃すな！！	2013-12-05	レースクィーン, 職業色々, ランジェリー, バニーガール, ドキュメンタリー, ベスト・総集編, 独占配信	グラマラスBODY×極エロ着衣SEX	BeFree		BeFree	松嶋れいな, 松野ゆい, 春風えみ, 桜井春, あまねなのは（Nana）, 桜あやめ, 椎名ゆな, ましろ杏, 周防ゆきこ, 桜花えり, 上原保奈美, 沖田杏梨, さとう遥希, みなせ優夏, 一ノ瀬ルカ, 新山かえで, 芦名ユリア, 小早川怜子, 尾上若葉, 知花メイサ, 野宮さとみ	6089	2.53
BMW-047	bmw00047	ソープに堕ちた女教師たち 奉仕を強要された聖職者6時間 - 波多野結衣	美人女教師はなぜ狙われ、ソープに堕ちたのか…ワンズファクトリーの人気シリーズがベストで遂に登場！きっかけはほんの些細なことだった…。教育の場を自らの生きがいと定めた女達を待ち受けるあまりに卑猥な運命！子ども達を導く聖職者がソープランドで淫欲と泡にまみれ奉仕を強要される！人気女優の教師姿もソープ嬢もこれだけで楽しめる！	2013-11-28	女教師, お姉さん, キャバ嬢・風俗嬢, ベスト・総集編, 独占配信	ソープに堕ちた女教師	ワンズファクトリー		WANZ	波多野結衣, 沖田杏梨, 秋野千尋, 小早川怜子, 三浦恵理子	992403	3.66
HNDB-029	hndb00029	高画質本物中出し13発 沖田杏梨	沖田杏梨                                                      3週間前                                                                                            呼吸してます。 太りましたが、 なかなかむっちりも良いもんです。 もう少し、まっててね。	2013-11-22	巨乳, 単体作品, 中出し, パイズリ, 独占配信, 女優ベスト・総集編		本中		本中	沖田杏梨	832090	4.19
RKI-299	rki00299	世界一ザーメンを大量に発射する男たちのぶっかけSEX 沖田杏梨	沖田杏梨                                                      3週間前                                                                                            呼吸してます。 太りましたが、 なかなかむっちりも良いもんです。 もう少し、まっててね。	2013-11-16	巨乳, 乱交, 単体作品, 中出し, ぶっかけ, パイズリ, ハイビジョン, 独占配信	世界一ザーメンを大量に発射する男のぶっかけSEX	ROOKIE	ピエロ田	ROOKIE	沖田杏梨	678954	2.96
PPBD-072	ppbd00072	大きなおっぱいと極上パイズリ特濃挟射 8時間 - 葉月奈穂（葉月菜穂）	OPPAIが厳選したパイズリ女優の超絶テクニックを堪能できる一作！優しく、時に激しくチンポをはさみ擦りあげるパイズリに暴発必至の極上パイズリをご堪能ください！	2013-11-16	美乳, 痴女, 巨乳, 巨乳フェチ, パイズリ, ベスト・総集編, 独占配信		OPPAI		OPPAI	葉月奈穂（葉月菜穂）, 青山菜々, 水城奈緒, 浜崎りお（森下えりか、篠原絵梨香）, 杏美月, 佐山愛, 森ななこ, 佐藤みき（佐藤美紀、鈴木志帆）, Hitomi（田中瞳）, 葵ぶるま, 菅野さゆき, 葵えり, 橘なお（上原海里）, 西條るり, JULIA, 水咲カレン, 仁科百華, 小出遥, 白戸もも, 百花エミリ, 沖田杏梨, 木咲美琴, 響まゆ, 持田美琴, みなせ優夏, 桃実, 大月まゆか, 菅野みいな, 綾瀬みなみ, 鈴宮理恵, 大島あいる, 本真ゆり, 知世奏, 新山かえで, 美月優芽, 尾上若葉, 三浦奏, 星野来夢, 上原怜奈, 知花メイサ, 瑞乃ありさ, 吉永あかね, 入江愛美, 立川理恵, 風音りん, 吉澤留美, ももい理乃	728093	3.96
TYWD-047	tywd00047	自我崩壊トランス性交集II - 妃乃ひかり	淫乱AVメーカー乱丸の作品群から、女達がきもち良すぎてコワれてしまったシーンを収録した究極の絶頂作品第2弾が登場です！！壊れた水道管のように止め処なく噴出す潮！目を見開き、絶叫を繰り返すアクメ！Gスポットを直撃するピストンに白目をむいて悶絶するセックス！女だけの性交で止まらなくなる膝痙攣！快楽に溺れた女の本性がここにある！！	2013-11-16	お姉さん, 淫乱・ハード系, 潮吹き, ベスト・総集編, 独占配信	自我崩壊トランス性交集	乱丸		乱丸	妃乃ひかり, 芦名未帆（稲森しほり）, 翔田千里, 江波りゅう（RYU), 川上ゆう（森野雫）, 澤村レイコ（高坂保奈美、高坂ますみ）, 大槻ひびき, 碧しの（篠めぐみ）, 琥珀うた, 近澤まゆみ, 沖田杏梨, 平子知歌, 悠月舞, 水沢杏香, 木島るみ, 愛内希, 知世奏, 小早川怜子, 仲丘たまき（片岡まきな）	552304	4.41
MKCK-080	mkck00080	100cm以上限定超乳SEX - 杏美月	タップンタプンの重く揺れる巨大乳房が勢揃いの100cm以上限定“超乳”ベスト！超圧力パイズリ、騎乗位パイ揺れセックス！E-BODYが誇る爆乳女優の実りすぎたカラダを駆使した至高のおっぱいプレイ36コーナー！ボインアングルにこだわった編集で巨乳好きなあなたを満足させるムチムニュ乳まみれファックをお楽しみ下さい。	2013-11-10	巨乳, 巨乳フェチ, パイズリ, ベスト・総集編, 独占配信		E-BODY		E-BODY	杏美月, 中森玲子, 長澤あずさ, 春菜はな, 西條るり, JULIA, 仁科百華, 上原保奈美, 沖田杏梨, 姫野ゆうり, 菅野みいな, 綾瀬みなみ, 大島あいる, 桜木莉愛（かじか凛）, 滝川ソフィア, 桜木美央, 吉永あかね, 西川りおん	11759	4.65
PLA-035	pla00035	本能剥き出し生中出しセックス 沖田杏梨	沖田杏梨                                                      3週間前                                                                                            呼吸してます。 太りましたが、 なかなかむっちりも良いもんです。 もう少し、まっててね。	2013-10-20	巨乳, 乱交, 単体作品, 中出し, パイズリ, ハイビジョン, 独占配信	本能剥き出し生中出しセックス	ダスッ！	TAKE-D	Platina	沖田杏梨	847398	2.09
BIB-083	bib00083	美2013年上半期総集編8時間 - 風間ゆみ	2013年上半期を美しく彩り、ド淫乱旋風を巻き起こした美ッ痴女達全てを収録！！蓮実クレア、さくら悠、波多野結衣、椎名ゆな、西條るり、風間ゆみ、芦名ユリア、さとう遥希、小早川怜子、村上涼子、知花メイサ、澤村レイコなど総勢37人の極痴女が本能剥き出しで肉棒に喰らいつく！大ボリュームの骨抜き美ッ痴女責めをぜひご堪能あれ！！	2013-10-20	痴女, お姉さん, 3P・4P, 淫語, ベスト・総集編, 独占配信	美 ○半期総集編	痴女ヘブン		美	風間ゆみ, 村上涼子（中村りかこ、黒木菜穂）, 澤村レイコ（高坂保奈美、高坂ますみ）, 波多野結衣, 椎名ゆな, 西條るり, 上原保奈美, 沖田杏梨, 秋野千尋, さとう遥希, さくら悠, 芦名ユリア, 小早川怜子, 蓮実クレア, 知花メイサ, 桜花りり, 花柄ことり, 滝川かのん	381871	3.23
AUKG-199	aukg00199	発情！欲情！イカせ合い！負けず嫌いのレズカップル！！！ - Maika（MEW）		2013-10-11	職業色々, 痴女, レズ, 淫乱・ハード系, レズキス, ハイビジョン		U＆K		U＆K	Maika（MEW）, 波多野結衣, 羽月希, 朝倉ことみ, 藤北彩香, 沖田杏梨, ありさ（中野ありさ）, 桜井あゆ	80307	3.52
MKCK-078	mkck00078	美女×美ボディ限定40人 - 麻美ゆま	乱れる姿を見るならば、美人が良いに決まってる。E-BODYが誇る美女ベスト！しなやかな四肢が男の身体に絡みつき全身を虜にさせ、美しい顔で見つめられたら…ソッコー発射！小娘でも熟女でもない女盛り、艶っぽいお姉さんたちが魅せる濃厚性交ノンストップ40人！	2013-10-10	お姉さん, 巨乳, 淫乱・ハード系, ベスト・総集編, 独占配信		E-BODY		E-BODY	麻美ゆま, 青山菜々, 初音みのり, かすみりさ, 森ななこ, 佳山三花, 桜ここみ, 里美ゆりあ, Erina, 椎名ゆな, 小沢アリス, 北川エリカ, 西條るり, 水咲カレン, 北川瞳, 沖田杏梨, さとう遥希, みなせ優夏, 来栖ひなた, 白川ゆかり, 上原もね, あすか光希, 綾瀬みなみ, 北村わか, アンジェ, 舞咲みくに, 青山沙希, 日向リサ, 芦名ユリア, 西山真理, 原望美, 小早川怜子, 蒼井まなみ, 愛沢有紗, 麻生ゆう, 知花メイサ, 愛乃なみ, 水野朝陽	69419	4.60
ONSD-743	onsd00743	美尻の誘惑100連発 - 吉沢明歩		2013-10-07	クンニ, 美少女, 騎乗位, ベスト、総集編, 美尻		エスワン ナンバーワンスタイル			吉沢明歩, 麻美ゆま, 希志あいの, 瑠川リナ, 篠原杏, 沖田杏梨, 水川菜々子, 香西咲, 鶴田かな, 二階堂ソフィア	591259	3.51
ONSD-744	onsd00744	極上 乳アングル100連発 - 麻美ゆま	巨乳を楽しむ為の極上アングルにこだわった究極のオッパイフェチ作品！Gカップ以上のS1女優だけを厳選！柔らかい乳をダイナミックに揉みしだき、騎乗位で激しく揺れる乳！日本男児はオッパイが大好き！貴男は上から？下から？どちらがお好き！？	2013-10-05	美少女, 巨乳, 騎乗位, パイズリ, ベスト・総集編, ハイビジョン, 独占配信	S1 GIRLS COLLECTION	エスワン ナンバーワンスタイル		S1 NO.1 STYLE	麻美ゆま, 佐山愛, 恵けい, 佳山三花, 桜ここみ, 黒川きらら, 春菜はな, 小沢真理奈, 西條るり, 北川ゆり, 真木こころ, 菜月アンナ, 上原保奈美, 沖田杏梨, 水川菜々子, 姫野ゆうり, 鶴田かな, アンジェ, 絵里奈モア, 倉多まお, 月奈もえ, 倉持結愛, 夢乃あいか	82112	2.34
BF-269	bf00269	絶版マニアック水着満載！競泳水着専門 インストラクター THE BEST 8時間 - 上原保奈美	F・H・J・Lカップの超乳インストラクターたちが競泳水着で魅せる！中出し・潮吹き・ぬるぬるローションフェチプレイ！ノーカット含む4タイトル長尺収録！！はみでるおっぱい、食い込む競泳水着を堪能せよ！	2013-10-05	インストラクター, ドキュメンタリー, 中出し, 潮吹き, ベスト・総集編, 4時間以上作品, 独占配信	競泳水着専門 ○○インストラクター	BeFree		BeFree	上原保奈美, 沖田杏梨, さとう遥希, 新山かえで	892396	3.66
HNDB-026	hndb00026	オンナはやっぱりカラダで射精する 厳選美巨乳ボディに生ハメALL本物中出し！ - 北川瞳		2013-09-22	美少女, 巨乳, 中出し, ベスト・総集編, 独占配信		本中		本中	北川瞳, 沖田杏梨, ASUKA, 新山かえで, 小早川怜子, 桜木莉愛（かじか凛）, 美月優芽, 野宮さとみ, 桜すなお	390061	2.38
HMGL-099	hmgl00099	グラマー 未発表スペシャル 10 沖田杏梨、美希、知花メイサ、玲奈		2013-09-22	巨乳, 長身, スレンダー, 騎乗位, ハメ撮り	未発表スペシャル	HMJM	カンパニー松尾	Glamour	沖田杏梨, 知花メイサ, 堀内美希, 長谷川玲奈	461105	2.15
MBYD-170	mbyd00170	溜池ゴロー2013年上半期総集編全54タイトル8時間 - 寺崎泉	2013年上半期全54タイトルを全て収録！Hなレンタルビデオ店員JULIAちゃん、医師の罠に落ち院内でのセックスを強要される三浦恵理子、鍵を落とし隣人を誘惑する奥手な人妻稲川なつめ、ある生徒の言いなり奴●な女優など超お買い得版！	2013-09-12	熟女, 人妻・主婦, 巨乳, ベスト・総集編, 独占配信	溜池ゴロー○年○半期	溜池ゴロー		溜池ゴロー	寺崎泉, 風間ゆみ, 西野翔, 村上涼子（中村りかこ、黒木菜穂）, 翔田千里, 川上ゆう（森野雫）, 佐藤みき（佐藤美紀、鈴木志帆）, 波多野結衣, 菅野さゆき, 結城みさ, 西條るり, JULIA, 矢部寿恵, 上原保奈美, 沖田杏梨, 秋野千尋, 稲川なつめ, 北川美緒, 知世奏, 小早川怜子, 三浦恵理子, 木村まりえ, 冴島かおり, 堀内美希, 堀内秋美, 仲丘たまき（片岡まきな）, 南紗穂, 戸田さゆり, 満島ノエル, 佐々木しおり	44377	4.07
ONSD-734	onsd00734	高画質 パンストの誘惑 - 吉沢明歩		2013-09-07	美少女, パンスト・タイツ, 脚フェチ, 足コキ, ベスト、総集編		エスワン ナンバーワンスタイル			吉沢明歩, 麻美ゆま, 瑠川リナ, 沖田杏梨, 芦名ゆりあ, 堀咲りあ, 香西咲, 鶴田かな, アンジェ, 奥菜アンナ	633287	4.23
JUFD-305	jufd00305	全裸奴● 夫の部下に調教された爆乳妻 沖田杏梨	沖田杏梨                                                      3週間前                                                                                            呼吸してます。 太りましたが、 なかなかむっちりも良いもんです。 もう少し、まっててね。	2013-08-29	羞恥, 人妻・主婦, 巨乳フェチ, 単体作品, 潮吹き, デジモ, ハイビジョン, 独占配信	全裸奴●	Fitch	Eight	Fitch	沖田杏梨	922724	4.00
VGD-122	vgd00122	卑猥なLカップ 沖田杏梨	沖田杏梨                                                      3週間前                                                                                            呼吸してます。 太りましたが、 なかなかむっちりも良いもんです。 もう少し、まっててね。	2013-08-27	巨乳, 野外・露出, ドキュメンタリー, 単体作品, ハメ撮り	卑猥な○カップ	HMJM	タートル今田	pornograph.tv	沖田杏梨	224752	4.08
ONSD-731	onsd00731	高画質レイプ 犯されたS級女優たち - 吉沢明歩		2013-08-19	輪姦, 潮吹き, 3P、4P, ベスト、総集編, レイプ		エスワン ナンバーワンスタイル			吉沢明歩, 麻美ゆま, かすみりさ, 希志あいの, 沖田杏梨, 堀咲りあ, 香西咲, 鶴田かな, 御厨あおい, アンジェ	840722	3.53
ONSD-730	onsd00730	高画質 顔面ドロドロぶっかけ （ブルーレイディスク） - 麻美ゆま		2013-08-19	美少女, 乱交, レイプ		エスワン ナンバーワンスタイル			麻美ゆま, 美月リア, 西條るり, 沖田杏梨, 香西咲, ティア, きみと歩実, 奥菜アンナ, 森川真羽, 椎名理紗	724982	3.63
JUFD-296	jufd00296	日焼けあとが眩しい爆乳ワイルドビッチ 沖田杏梨	沖田杏梨                                                      3週間前                                                                                            呼吸してます。 太りましたが、 なかなかむっちりも良いもんです。 もう少し、まっててね。	2013-07-27	痴女, レオタード, 巨乳フェチ, 尻フェチ, 単体作品, 騎乗位, デジモ, ハイビジョン, 独占配信	日焼けあとが眩しい○○ワイルドビッチ	Fitch	ロマンセーキ	Fitch	沖田杏梨	917296	2.77
ONSD-722	onsd00722	高画質 若妻と濃密性交 （ブルーレイディスク） - 吉沢明歩		2013-07-19	若妻・幼妻, 人妻・主婦, ベスト、総集編		エスワン ナンバーワンスタイル			吉沢明歩, 麻美ゆま, 希志あいの, 瑠川リナ, 梓ユイ, 真木こころ, 篠原杏, 上原保奈美, 沖田杏梨, 森川真羽	97420	4.59
HND-066	hnd00066	いんやらしい〜カラダの本物中出しソープ嬢 沖田杏梨	沖田杏梨                                                      3週間前                                                                                            呼吸してます。 太りましたが、 なかなかむっちりも良いもんです。 もう少し、まっててね。	2013-06-22	キャバ嬢・風俗嬢, 巨乳, 単体作品, 中出し, パイズリ, ハイビジョン, 独占配信		本中	GORY松田	本中	沖田杏梨	6537	4.71
ONSD-714	onsd00714	高画質 突き上げられて絶頂 （ブルーレイディスク） - 吉沢明歩		2013-06-19	美少女, 巨乳, 騎乗位, ベスト、総集編	S1GIRLSCOLLECTION	エスワン ナンバーワンスタイル			吉沢明歩, 麻美ゆま, 源みいな, 渚ことみ, 春菜はな, 瑠川リナ, 西條るり, 上原保奈美, 沖田杏梨, 本田岬	715811	4.58
REAL-461	real00461	鬼イカセ 沖田杏梨	沖田杏梨                                                      3週間前                                                                                            呼吸してます。 太りましたが、 なかなかむっちりも良いもんです。 もう少し、まっててね。	2013-06-14	拘束, 辱め, 巨乳, 単体作品, 潮吹き, 縛り・緊縛	鬼イカセ	レアルワークス	赤井彗星	REAL（レアルワークス）	沖田杏梨	976715	2.56
MILD-850	mild00850	僕をパイズリ天国に連れてって 極上巨乳アイドル挟射4時間スペシャル - 成瀬心美（ここみ）		2013-06-14	巨乳, パイズリ, ベスト・総集編		ケイ・エム・プロデュース	八川A大	million（ミリオン）	成瀬心美（ここみ）, 吉田花, 仁科百華, 木下若菜, 北川瞳, 沖田杏梨, 神咲詩織, さとう遥希, 大島あいる, 新山かえで, 桜木莉愛（かじか凛）, 須藤早紀, 柚ノ木りん, 遠藤みちる, 小泉真希	36698	3.07
MBYD-162	mbyd00162	快楽に溺れた女教師8時間総集編 - 松本まりな		2013-06-09	女教師, ベスト・総集編, デジモ, 独占配信		溜池ゴロー		溜池ゴロー	松本まりな, 夢野まりあ, 友田真希, 村上涼子（中村りかこ、黒木菜穂）, 青山菜々, 白石さゆり, 佐山愛, 森ななこ, 河合律子, 真白希実, 立花みずき, 西條るり, 伊織涼子, JULIA, 沖田杏梨, 小早川怜子, 広瀬奈々美（堀口奈津美）	766893	4.20
JUFD-285	jufd00285	特命OL 沖田杏梨	沖田杏梨                                                      3週間前                                                                                            呼吸してます。 太りましたが、 なかなかむっちりも良いもんです。 もう少し、まっててね。	2013-05-30	職業色々, 痴女, レオタード, 巨乳フェチ, 単体作品, パイズリ, デジモ, ハイビジョン, 独占配信		Fitch	五右衛門	Fitch	沖田杏梨	509296	3.54