name	alias	alias_id
絶叫凌●レ●プ	強●される人妻	44353
熟年フルムーン 高齢夫婦	熟年フルムーン	211646
友達の教育ママを乳奴●	友達の教育ママを乳奴隷	221452	
奴●人妻オークション	奴隷人妻オークション	71475	
桃乳逆レ●プナース	桃乳逆レイプナース	209804
全裸奴●	全裸奴隷	211277	
S1GIRLSCOLLECTION	S1 GIRLS COLLECTION	5087	
OILBODY○○	OIL BODY ○○a	202364	
MAXGIRLS	MAX GIRLS	6843
IPPLATINUMGIRLSCOLLECTION	IP PLATINUM GIRLS COLLECTION	201899
断り切れずにヤラせちゃう女私押しに弱いんです	断り切れずにヤラせちゃう女 私押しに弱いんです	206075
いきなりSEXえっ？今ここでですか？	いきなりSEX えっ？今ここでですか？	201541
夫の目の前で犯されて	夫の目の前で犯されてしまう美人妻	204306
HIPATTACK	HIP ATTACK	77175
MAX-AAnniversary	MAX-A Anniversary	3321
OLSTYLE	OL STYLE	74708
僕と○○の甘～い性活	僕と○○の甘〜い性活	74341
ティナ＆RioPREMIUMBOX	ティナ＆Rio PREMIUM BOX	71214
DIGITALCHANNEL	DIGITAL CHANNEL	285
