name	not_found_videos
どエロ女優に丸投げ！！夢の筆下ろしガチドキュメント！！	TRE-183,YRH-289
ブリブリガンギマリDJ媚薬ハブ酒オーバードーズキメセク	BAB-158
これぞナイスバディ！！スレンダー美巨乳厳選●人	UMSO-557
銀粉大全集	BGG-008
ノーカット ハメ撮りSEX	XVT-004
どこでも精子を撒き散らす変態お姉さん♂	DASS-403
AV女優のホントのSEX見せて下さい	MAG-022
規約違反	DDHP-027
はじめてはAV女優。	GCB-006
殿堂！スーパーアイドル	MKMP-170
あなたがいない間に義父にレ●プされました…	MEYD-241
人妻○○痴●電車	JUX-949
レ●プが合法になった世界	DVDMS-002
強●勃起テクニック	JUFD-592
すんごい乳首責めで中出しを誘う連続膣搾り痴女○○	HND-281
種付けプレスで妊娠確定！！	HND-258
鉄管拘束中出し奴●	MIGD-686
黒ギャル野外凌●	SORA-049
kira☆kiraSTREETGAL	SET-007
○分間ノンストップ撮影	KV-119
無類のフェチ	KUF-13045
潮吹きFUCK	CADV-329
KIRARI（Blu-ray）	MKBD-018
キャットウォークポイズン（Blu-Ray）	CWPBD-050
無理やり強●中出し痴女	HND-057
中出し輪●オフ会	PPPD-636
爆乳ナースが優し〜くチンポを●す	PPPD-112
