id	code	dmm_id	title	description	release_date	length
1	MDBK-390	mdbk00390	手コキま〇こにびゅ～っびゅ～っ射精しまくり240分BEST - 波多野結衣	オンナの手こそが究極の性器だ！手コキでヌかれる射精しまくりBESTが堂々発売！！！！チ●ポを快楽に誘う、最適な形状に変化する…女の中で一番エロいパーツ！密着度も強さも速度も、自由に変わって気持ちいい！美手美女50人にシゴかれまくる！手から伝わる快感搾精！最後の一滴まで！達人級のチン搾り！金玉カラっぽ確定の4時...	2025-09-20	
2	CEAD-704	cead00704	貴方に向かって見せつける！！大股開きのガニ股オナニーで挑発する超淫乱ドスケベ女優達15人 - 波多野結衣	選りすぐりの美しい女優達15人が、あなたを挑発しながら大股開いてドスケベなオナニーを大公開！女優主導のフリースタイルなオナニーだから、淫語たっぷりの言葉攻めも個性満点で見逃し厳禁！色とりどりのランジェリーや水着をまとい、Tバックをマ○コとお尻の割れ目にグイグイ喰い込ませてあなたを誘う大胆女優や、トレードマークの剛毛がワサワサはみ出す...	2025-09-20	
3	GVH-782	gvh00782	おしっこ飲ませるのが大好きなドSな女上司の聖水調教 配属ガチャでドM堕ちさせられた僕 波多野結衣	新しい部署に配属となった僕を待ち受けていたのは、妖艶な美貌とドSな性癖を兼ね備えた女上司の課長代理の「ハタノ」さん。ある日、彼女の異常なまでのおしっこ愛にロックオンされた僕は、毎日のようにおしっこをドッパッドッパ、ぐびぐびと飲まされてしまう…。その過激な飲尿プレイを強●される日々の屈辱と快感の狭間でドMへと堕ちていく僕だったが、彼女...	2025-09-20	
4	CJOB-189	cjob00189	ドスケベお姉さんたちの奪い合い痴女フェラ 交互にドピュドピュ射精させられちゃったボク…BEST - 晶エリー（新井エリー、大沢佑香）	バチバチとフェラテクを魅せあって何が何でも自分のターンで射精させようとしてくる貪欲さがとにかくエロいっ！無限に続きそうな勢いで交互にチ○ポを舐めじゃくる2人の痴女に挟まれて…じゅぽじゅぽと奪い合われ絶え間ないフェラ快楽に悶絶ッ！1度射精しても入れ替わり追撃が押し寄せてきて何度も、空っぽ...	2025-09-19	
5	VSED-269	vsed00269	「女将のエロいおもてなし最高！」「男なら一度は行くべき！」と、ある情報誌で有名になった山奥の温泉宿に行ってみた。そこで待ち受けていた過剰接待とは、想像を超えるエロ接待だった！！ 11 - 波多野結衣	営業不振で存続がままならない旅館を立て直す為に女将と仲居が立ち上がった！それは男性客を全裸でお出迎えし、身体を使ったエロい接待でおもてなしをする「エロ旅館」だった。そんな温泉旅館に潜入！そこで待ち受けていた過剰接待とは！！シリーズ第11弾！	2025-09-18	
6	MXGS-1396	mxgs01396	絶対痴女 色気ムンムン豊満お姉さんの誘惑SEX 波多野結衣	最高の痴女がここに！！逆レ●プFUCK・全身網タイツで見せつけオナフェラ・上司も後輩も喰らう3P- FUCKなど、オトコのM性を芯から刺激するチ●ポ直撃型痴女が暴れまくる！！	2025-09-16	
7	MIRD-255	mird00255	MOODYZファン感謝祭バコバコバスツアー2025 完全版 バコバス11時間＋うらバコ4時間＋未公開シーン収録17時間 - 波多野結衣	まだシコシコは終わらない！バコバコバスツアー2025の完全版がついに完成しました！過去最高発射回数のドスケベ☆バコバス本編にブチアゲセックス祭りなうらばこサンバ！撮影1日目終盤の気だるい色気がムンムンな秘密の花園・女子部屋！おっぱい、マンコまで出しちゃうAV女優の悪ノリをのぞき見！明け方寸前に眠気でハイになった女子たちのちゅぱぺろ逆...	2025-09-12	
8	MIAB-541	miab00541	手コキ・パイズリ・寸止め焦らし 痴女テクを極めきった波多野結衣が魅せて・責めて・抜きまくる 痴女回春メンズエステ	ここは予約の絶えない老舗超人気メンズエステ店。店主「波多野結衣」が極めきった極上のテクニックで人生で一番の射精へ導く。コリをほぐす強い指圧と性器を刺激する指先が触れるかどうかのフェザータッチを使い分け、疲れを癒し、精子をオチ〇チン先っぽまで誘う！「イケると思った？まだダメだよ？」一番気持ちよくなるところまでとことん焦らしプレイ！密着...	2025-09-12	
9	MLMM-083	mlmm00083	S級美熟女ベスト 波多野結衣 4時間 スレンダー巨乳マドンナ4	美貌と瑞々しい肢体を誇る波多野結衣の魅力を余すことなく詰め込んだ究極のベスト！巨乳ボディーに連発発射！下品な口がチ○ポを生尺！淫乱肉壺に大量中出し！淫乱オナニーなどたっぷり4時間。第4弾！	2025-09-06	
10	BBSS-098	bbss00098	ぺロぺロこねくり乳首責め＆じゅぼじゅぼクリフェラでスケベ汁垂れ流しレズビアン痴女天国BEST！！（BBSS-098） - 紺野ひかる	SEXが好きすぎる超エロい痴女ビアンが大集結！唾液まみれでねっとりこねくり回す圧倒的乳首責め＆吸い付き最強のクリフェラクンニで女の敏感スポットを集中刺激！絶頂不可避の超絶テクニックでノンケも昇天ゴートゥーヘブン！盛りに盛った痴女達が楽しく淫らにイカセ合う超濃厚レズビアンセックスBEST！	2025-09-05	
11	KSBJ-394	ksbj00394	美熟女のエロテク超絶フェラチオ17人VOL.04 - 山口珠理	前戯でのフェラではなくフィニッシュまで舐め上げる愛情たっぷりフェラを収録。ジュポジュポといやらしい音を立て、時にはパイズリも挟みつつ興奮をピークに導きます。そして次第に激しさを増しユサユサと揺れる巨乳、滴るヨダレにガマン汁も加わり興奮はMAXに！17人の厳選美熟女が尿道責めや玉吸い責め、ディープスロートなど様々なテクニックを駆使して...	2025-08-30	
12	VSED-268	vsed00268	美熟女たちの絶頂3Pレズ - 大槻ひびき	初めはノリでイチャついていただけなのに、ふとしたきっかけでレズの快感に目覚めてしまう。女同士だから分かる感じるスポット。女にハマった女たちは、いつしか3Pのレズセックスへと発展するのだった。	2025-09-18	
13	MXGS-1398	mxgs01398	感度倍増！意識がぶっ飛ぶほどイカされまくる最高潮FUCK 大槻ひびき	知らない間に感度を倍増され、痙攣・唾液垂らし・絶叫と、ガンぎまって感じまくってイキまくる。限界突破の大絶頂へと導かれる120分。	2025-09-16	
14	GARA-014	gara00014	絶叫凌●レ●プ 強●される人妻 出所した痴●男たちが復讐の再犯レ●プ！ 悲鳴と嬌声が響く怒涛の4P輪●！！ 大槻ひびき	夫婦円満で暮らしていたひびき。しかしある日、柄の悪い男集団に公園のトイレで集団レ●プされてしまう。「俺たちは昔お前に痴●で訴えられてムショ暮らしさせられたんだ」と逆恨み的な強●を繰り返す男たち。弱みを握られ夫にも言えず、毎日のように慰み者となりボロボロになっていくひびき。心も体も汚されていくなか、「これで最後にしてやる」と倉庫に呼び...	2025-09-06	
15	MADM-207	madm00207	【4K】クリスタル映像40周年記念作品 令和版 人妻温泉 癒し系 ひびき×かな×のあ - 大槻ひびき	に復活！この世界のどこかに…人妻が男たちのさまざまな苦悩を背中を流しながら聞いてくれる癒しの浴場があるという…その名も人妻温泉。●癒し系パイパン美人妻‘ひびき’さん。持ち前の笑顔と優しい声でお悩みに寄り添い、気が弱く女性と話すのが苦手な2...	2025-08-23	
16	MASE-075	mase00075	【4K】あなたのお悩み…お背中と一緒にお流しいたします 大槻ひびき温泉	に復活！この世界のどこかに…人妻が男たちのさまざまな苦悩を背中を流しながら聞いてくれる癒しの浴場があるという…その名も人妻温泉。癒し系パイパン美人妻‘ひびき’さん。持ち前の笑顔と優しい声でお悩みに寄り添い、気が弱く女性と話すのが苦手な20代男性のお悩みをスッキリ解決。美人妻...	2025-08-16	
17	MDBK-384	mdbk00384	排卵日のムラつきを逆夜●いで解消 グラインド騎乗位で男を逃さない痴女管理人 - 大槻ひびき	オナニーじゃ抑えきれない性欲を格下チ●ポで発散！！ディルド扱いで自分勝手にイキまくる！！起き抜けフェラでギンギン→勝手に挿入れられ、さぁ大変！！「誰が逃げていいって言った？？」中出し厭わぬほどに動き回る腰！！響くピストン音！！だらしない男は私の玩具。『制作・著作 株式会社ケイ・エム・プロデュース』	2025-08-09	
18	NKKD-355	nkkd00355	デカチン近親相姦 息子の硬くソリ返るズル剥けチ●ポにねとられた母 大槻ひびき	「社会との接点を持ちたいと言う想いで結婚後もスーツを着込みバリバリ出社する才色兼備の義母」。会社経営の男性と再婚したひびき。成人しても自宅で引きこもる息子の事を案じて、義理とは言え母親として、優しく世話をしていた。だがそんなある日仕事から帰宅したひびきは、息子に体を求められて押し倒されてしまう。「ダメよ正樹君お願い落ち着いてっ」ムレ...	2025-08-08	
19	PBD-502	pbd00502	突然消息を絶ったエリート捜査官のその後…。BEST - 篠田ゆう	どんな事件も解決に導く、強く美しいエリート捜査官たち。しかし、危険な任務から年に数名は行方不明になってしまう…。今回、突然消息を絶ったエリート捜査官のその後を特集。そこでは、キメセク、緊縛、イラマ、輪●…。非道な肉棒調教で強く気高い眼差しが嘘だったようにマンコ堕ちしている姿があった…。どんなに聡明だろうと、どんなに美し...	2025-09-12	
20	UMD-976	umd00976	ああ、お尻あいになりたい熟女尻！！ムチ尻ケツ子が今日もバックでおもてなし！！3 - 羽月希	彼女のあだ名はケツ子。みんなからそう呼ばれている。もちろん彼女はこう呼ばれて、男たちのおかずにされてシコシコされているとはこれっぽっちも思ってない。自然体で魅せてくれる系ケツ子に男たちは弱いのだ！！誘惑のバックショット！！魅惑のデカケツ！！デカ尻美熟女ムチ尻ケツ子のヒップラインにゃだれも敵わないっ！！胸より尻を見ている俺は負けなのか...	2025-09-04	
21	BMW-341	bmw00341	綺麗な顔を精子でドロドロにする ぶっかけ一閃！顔面射精ベスト - JULIA	綺麗な女性を汚したい…精子まみれでイキ果てる女性が好き…受け止める瞬間の苦悶の表情がタマらない…そんなアナタへ送ります！精子の’量’にこだわった珠玉の49射精！発射寸前の一番気持ちいい濃厚フェラから、激ピストンSEXから精液をブッ放すまでを完全収録！美女た...	2025-08-29	
22	MDBK-385	mdbk00385	網からハミ出た尻肉と美脚に絡まれたい！！卑猥な網タイツでボクを誘惑する網タイツSEX BEST 240分 - 波多野結衣	網タイツを履いたオンナはなんでこんなにエロいんだろう？お尻や太ももの肉が網目に食い込み欲情MAX！見た目もプレイも淫靡で普通のSEXより大興奮すること間違いなし！どんな体位もエロすぎて、抑えた性欲が大解放！美しいボディラインに網タイツを身に着けた美女30人が貴方を悩殺します！金玉カラになるまでヌキまくってください！激...	2025-08-23	
23	REAL-933	real00933	オトナの女の完熟マ〇コ責めて、犯して、ハメ倒すBEST - 加藤ツバキ（夏樹カオル）	こいつらじゃなきゃ味わえない芳醇な肉体をイカセまくる！オトナの女の完熟マ●コをハメ倒す凶悪BESTが発売！トロットロの成熟ま●こにチ●ポをねじ込むのが気持ちいいんだよな。無理やり●す、縛って●す、娘の前で●す、全部●す。悲鳴と嬌声が交じり合う色気、このカラダで絶頂したい。「やめてください」なんて言うから勃起が止まらな...	2025-08-23	
24	MDBK-386	mdbk00386	BAZOOKAならではの激エロSERVICE！！キレカワ風俗嬢 4時間 PREMIUM BEST - 紺野ひかる	男なら誰しもが憧れる…神ルックス＆美ボディな凄テク風俗嬢を厳選！！スケベ過ぎて本番OKは当たり前…見るだけで勃起なハイクラス嬢の悶絶責めを見逃すな！！40コーナー40名240分の永久保存版！！『制作・著作 株式会社ケイ・エム・プロデュース』	2025-08-23	
25	CJOB-187	cjob00187	見つめて乳首をカリカリさすさすこねこね！ド痴女の主観乳首責めで何度も射精ブッコぬかれる僕。 - 佐山愛		2025-08-22	
26	PBD-500	pbd00500	気高き美女たちを声も出させずに●す肉棒貫通オーガズム。鬼畜串刺し輪●BEST - 篠田ゆう	で男に屈しない気高き美女たちを上下からツラヌキ犯し倒す240分！強●イラマチオ×激ピス種付けを同時に喰らわせれば…声も出せずに体だけはジタバタとイキ悶える肉オナホに成り下がるっ！快楽の逃げ道を肉棒で塞ぎ…有無を言わさず巨根メッタ刺し！端から端まで支配されている女体を見る支配感で最高に抜け...	2025-08-15	
27	MIZD-473	mizd00473	美少女から溢れ出すおしっこを見たい！浴びたい！飲みたい！！フレッシュ尿で全身びちゃびちゃ聖水30000mlオーバー！Vol.2 - つぼみ	美少女から溢れ出すおしっこが見たい！浴びたい！飲みたい！！フレッシュ尿で全身ビチャビチャ聖水ベスト第2弾！画面越しに伝わる大迫力の放尿スプラッシュ242発を収録！、恥じらいのお漏らし、女の子に囲まれて一斉放尿を味わうハーレム感、顔面ビチャビチャにさせる止まらないナイアガラ失禁と大満足の61コーナー！カワイイ私たちのおしっこで溺れイキさせてアゲる！	2025-08-01	
28	MIZD-480	mizd00480	子宮にKISS 種付けプレスで大量中出しBEST お尻潰れる程の圧迫ピストンで種付けの瞬間を捉えたこだわりアングル！！ - つぼみ	孕ませるなら絶対種付けプレス！膣内から女を征服する幸福感も味わえる、最高の体位。どちゅどちゅ尻肉潰れる程の圧迫ピストンッ！！ドクドク精子注がれ尻肉プルプル種付けの瞬間を捉えたこだわりアングル編集！！中出し精子がぶりゅぶりゅ溢れて、お尻のワレメにたらァ～りしちゃうシーンもたっぷり収録！！少女16名が無慈悲にも孕まされ続ける29...	2025-08-29	
29	NSFS-411	nsfs00411	AIリマスター版 私を嫉妬させてください… 禁断スワップ母娘・愛娘ダッチワイフ 名作永久保存版277分 - つぼみ	「最新のAI技術を駆使して高画質化。生まれ変わった最先端映像をご堪能あれ！」妻、娘がダッチワイフのように扱われて、揉みくちゃにされる姿に嫉妬しやがて興奮に変わっていく‥。	2025-08-23	
30	IBW-991	ibw00991	IBW厳選 つぼみBEST4時間	引退から早3年。永遠の処女「つぼみ」の厳選映像集4時間。IBWに出演した数々の作品の中からセーラー服、ブレザー、ニーハイソックス、黒髪ストレート、ツインテール、ポニーテールなどつぼみに最高に似合う衣装、髪型で魅せる萌え系エッチシチュエーションの数々を厳選収録。つぼみちゃんの往年のファンは感涙必至！※当作品において18歳未満の出演...	2025-08-22	
31	BMW-326	bmw00326	性交中も、何度イキ果てても、死ぬほどビンカンな乳首をず～っとこねくりっ放しBEST - つぼみ	触られるとスグに感じちゃうっ！乳首激弱なオンナたちがひたすら弱点こねくり回されビックンビックン∞絶頂！敏感なスレンダー美乳から揉んでも◎なムチムチ巨乳まで、色んなおっぱい共通の性感帯である【乳首】だけを徹底的に責めてイカせまくる！こんな突起をイジくるだけで全身痙攣させてヤル支配感がたまらない！筆でイヤらしくなぞられビンビンに…玩具の刺激にも耐えきれず即・爆イキ！SEX中も片時離さずこねこねくりんっ！4時間ず～っと乳首責め特化フェチ映像！	2025-01-31	
32	BMW-324	bmw00324	ビーチクとチ〇ポのW快感に大量射精！乳首こねくりスパイダー騎乗位BEST Vol.2 - つぼみ	乳首イジられながら杭打ちピストンされるのが最高に気持ちいぃ！ニヤニヤしながらこねくり痴女りまくるドスケベお姉さん総勢35名が登場！乳首責めスパイダー騎乗位で金玉空っぽになるまでエンドレス射精しちゃう中出し72発！ビーチクも竿もヘロヘロになるまで責められまくる悶絶快感60コーナー収録！	2025-01-03	
33	BMW-321	bmw00321	唾液ダラダラ淫らな接吻と心地良いハンドテクのW快感 ベロキス種搾り手コキBEST - つぼみ	妖艶なベロチューで悩殺され「イクっ…！」も言えずに無念射精！エッロい表情の顔で唇を近づけては焦らしたり、思いっきり舌で掻き乱してみたり、涎たっぷりベロベロクチュクチュされてる間にもヤラシイ手つきでシコシコ…シコシコ…っ！頭からバグらせる2点快感がビンビン伝わってずっと気持ちイイ240分！一生懸命腰振るのもいいけど、痴女に身をゆだねてドピュドピュさせるのもたまらない！目をつむっておクチを閉じて…最高の射精で果てられるBEST作品です！	2024-11-29	
34	BMW-320	bmw00320	柔らかい舌をネットリ絡ませながらハメまくるベロキス中出しセックスBEST 49中出し4時間 - つぼみ	舌を絡ませながらチンポ激ピストン中出し49コーナーBEST。夢中でベロキスしながらマン汁とザーメンを交じり合わせると身も心もトロットロ！最高のイチャラブSEXで天国のようなオーガズム体験約4時間！！	2024-11-01	
35	BMW-317	bmw00317	輪姦大量中出しBEST 精子ブリュブリュ逆流するまで何度も種付け！イってもザーメン求め続ける淫乱マ〇コに怒涛の射精220発！ - つぼみ	大勢集めたマンパワーで兎にも角にも中出ししまくり！突き上げ体位で！ガン突きバックで！種付けプレスで！マ〇コから精子ぶりゅぶりゅ逆流してもまたナカに押し込んでヤルっ！1回イッても終わりなワケがない！飢えた男達が肉棒ギン勃ち状態でぞろぞろ待機！一体誰の精子が着床（ゴール）するのか！濃すぎるシーンを4時間に凝縮！抜きドコロの塊BESTをとくとご覧あれ！	2024-09-27	
36	BMW-316	bmw00316	鉄フックマ○コ引き裂き失禁拷問BEST 森沢かな 花狩まい AIKA つぼみ 工藤ララ 琴音華	女子校生・教師・上司とムカつく女共を拘束監禁し、鉄フックをマンコの奥深くに挿入！コンクリートを吊り下げて、グイッ！グイッ！と子宮をエグって強●アクメさせるイカセ拷問4時間BEST！強烈な衝撃がGスポットに直撃して、人気女優達が「もうイギだくないっ！！」と痙攣絶頂しながら何度も大量失禁しちゃってます！	2024-08-30	
37	BMW-315	bmw00315	弾けるおっぱい！イキ顔！しなる曲線美ボディ！ 立ちバック痙攣エビ反り100連発！Vol.2 - つぼみ	弾けるおっぱい！イキ顔！メリハリ曲線美ボディ！エビ反り痙攣立ちバック100連発BESTの第2弾！大絶叫でイキまくる極上美女43名の豪華出演！前回よりもボリュームアップした総数153発の大射精！中出しもたっぷり140発オーバー！快楽に溺れて仰け反りイキしちゃう女たちが超エロい！！	2024-08-30	
38	MIZD-398	mizd00398	［デカ尻騎乗位特化］アツアツ精子大好き痴女のド搾精杭打ちピストン中出し65発BEST - つぼみ	【やっぱりヌクくならデカ尻がいい。】騎乗位で責め立てられたいチ○ポ必見！またがり上手な痴女’sたちの重量感を感じながら中出しブチまけよう！さらに、お尻が大好きなそこのアナタ！揺れる肉感見たいですか？モザイクの外にいる尻穴眺めたいですか？わかります！画面いっぱいのお尻も主観視点のお尻も横から見たお尻も盛りだくさん！50本番のデカ尻騎乗位で今日もヌクっ！	2024-08-16	
39	SGM-060	sgm00060	hina_porn is currently on private session	翔田千里デビュー20周年記念特別作品！専業主婦の千里。夫婦は仲は良く今でも夜の営みがあった。しかし千里の性欲は底なしで少し持て余していた。ある日、隣に大学生の男が引っ越してきた。挨拶に来た大学生を夕食に誘う。夫婦と大学生で食事をした。千里は初々しい大学生に狙いを定めた。数日後、千里は隣の大学生の所におかずを入れたタッパーを持っていっ...	2025-09-20	
40	ZMAR-144	zmar00144	hina_porn is currently on private session	目鼻立ちくっきりの美貌と絶妙にそそる垂れ乳＆ムッチリボディで熟女ファンを虜にする翔田千里。そんな彼女の魅力を余すことなく紹介！家庭内ヒエラルキー最上位の千里は、息子と夫のチ○ポを完全支配…『マダムスファミリー…』。噂のお宿で美人女将とお手合わせ…『一見さんお断り！美人女将の…』の2作品を完全収録！	2025-09-20	
41	BJD-055	bjd00055	熟年フルムーン 鬼怒川湯西川温泉の旅 翔田千里	翔田夫妻は結婚27年。夫が定年を迎えた頃、待望の初孫が生まれた。これを機に今後をゆっくり話そうと二人で久々の温泉旅行に出掛けた。二人の愛はまだまだ半ば、長い間冷めぬ愛、時が経つほどに深まる愛。久しぶりに二人だけの温泉…まだ初々しかったあの頃の様にキスして！唇を重ね、肌が触れ合うとあの頃の思い出が蘇り、性欲にも火が付いた。今も変わらぬ...	2025-09-13	
42	FWTR-023	fwtr00023	汗でじっとり濡れたムチムチ巨乳のアカスリおばちゃん（2）～カチカチの勃起チ●コを見せつけたらSEX出来るはず！ - よしい美希（伊沢涼子、吉井美希）	▼アカスリ店のムチムチボディーの巨乳熟女！Tシャツがシャワーの水で透け透け！えっ！？まさかの‘ノーブラ’▼乳首が透けたTシャツから巨乳がアカスリ中に押し当てられる！そりゃ俺の股間はもうビンビン！それを発見したアカスリ嬢はタオルを取って剥き出しの勃起チンポのままアカスリ続行！▼ボディータッチ全開の美希さん（50）はチンコを口に咥えてジ...	2025-08-30	
43	ODVHJ-065	odvhj00065	某都内サウナにいた綺麗で色っぽいアカスリおばさん妻たちと性交できたエロ話… - 翔田千里	巨乳、スレンダー、巨尻な4人の熟妻さんたちがエロエロ密着アカスリをしてくれるんです。胸をさんざん押しつけるから絶対にヤレると思い、口説いたら「そんなつもりじゃ」「ここは風俗ではないです」何て言うものの胸をまさぐり勃起した肉棒を見せつけたら本番やれました。密室で行われた熟女と男のエロ4ストーリー！！	2025-08-27	
44	HMIX-048	hmix00048	夏の昭和の官能劇 戦時と戦後を描く女たちの生々しい性の営み 12人 4時間 - 岩崎千鶴	終戦間際の日本で世情に翻弄される男と女。戦後の日本で懸命に生きる未亡人。男たちを手玉に取り、夜の町で生きていく美人ホステス。明け透けで奔放な田舎の性慣習を満喫する、出戻り美人妻。昭和の田舎で暮らす母と子の物語。戦前から続く母子相姦。一線を越えた忌まわしき親子の姿。あまりにエロティックな、禁断の恋を描く。強かに生きる可愛らしくも儚い昭...	2025-08-23	
45	ALDN-498	aldn00498	娘の彼と… 密会中出し続ける日々 翔田千里	突然の娘の相談に驚きました…。娘は彼氏との事で悩んでいました…。夫に先立たれ、一人娘と二人きりの生活。そんな娘を私はほっておくなんてできませんでした。ただ娘の悩みが普通ではなかったのです。「彼氏のアソコが大きすぎて、セックスが苦痛で別れたい…」そんな娘の悩みを解決するには…。私なり必死に考えました。そして出した答えが...	2025-08-23	
46	GOGO-035	gogo00035	AV女優の恥ずかしい局部アップ 裸のコレクションvol.3 - 翔田千里	AV女優15人のオールヌード作品。普段のAVでは見る事の出来ない、あんな姿やこんな姿を拝むことが出来ちゃいます。全身舐め撮り、目、鼻、口、耳、うなじ、わき、乳房、乳首、へそ、アナル、足の裏…接写でじっくり観察。剃り残しやムダ毛、普段見られたくない様な部分も余すことなく収録されています。	2025-08-12	
47	AED-245	aed00245	熟女の戯れ 女性向け出張風俗にハマる五十路母 翔田千里	退屈な日常に飽きた五十路母は女友達から女性用風俗の話を聞き旺盛な好奇心と満たされない欲求から連絡をする。若い男に白く完熟した肉体と淫らに濡れたオマ○コを弄られ昇天するとその心地良さに更なる快楽を欲して再び依頼する。巨尻を突き出し卑猥なマ○コにデカチンを咥え込み五十路母は巨乳を揺らし歓喜する。	2025-08-02	
48	RBK-110	rbk00110	愛する息子の為に肛門に中出しされた母親 翔田千里	息子の不祥事の代償は母親のアナル  「本当に息子があなたにそんなケガを！？」 「全治一か月と言われました」 「本当にごめんなさい！病院代はいくらだったの？」 「お金はいりません。その代わりに僕のお願い聞いてくれます？ ダメなら学校に言って、然るべき処分をしてもらいますよ？」  息子への愛が…母のアナルを狂わせる！	2025-08-01	
49	PPBD-302	ppbd00302	柔ふわモッチリ爆乳に跨り挟み込み超快感ホールド馬乗りパイズリ挟射BEST - 佐山愛	柔ふわモッチリ爆乳に跨り挟み込み超快感ホールド！デカ乳馬乗りパイズリ挟射BEST！抜き心地バツグンのデカパイに腰振りおっぱい征服する夢のパイズリプレイ31コーナー収録！モーレツ谷間で激圧迫して39発のザーメン大量挟射させる14名の超乳女が登場！普通では味わえない弾力、密着、包容、快感でそのまま顔面に精子噴射！いっぱい腰振って気持ちよく発射！！	2025-02-14	
50	PPBD-295	ppbd00295	おっぱいが最も映えるS字カーブ 絶頂直後の巨乳を思う存分揺らしイカす追撃バックピストン80コーナー - Hitomi（田中瞳）	おっぱい揺らしてイキまくる女を見ていたい！絶頂したあとも容赦なくつき続ける追撃バックピストンにデカ乳突き出しのけ反りアクメする巨乳を集めたBESTが登場！おっぱいの映えるS字カーブを描く曲線美を見ながらシコる！行き過ぎて腰砕けになって四つん這いになってもまだまだピストン！重力で伸びた長乳がぶ～るぶ～る揺れる姿もイイ！激ピストン×巨乳×絶頂を詰め込んだバック体位こそが至高！本能のまま突き揺らせ！	2024-11-15	
51	PPBD-291	ppbd00291	もうイッてるってばぁ！！ スレンダー巨乳が追撃ピストンでビクビク痙攣！エビ反りブリッジBEST！ - Hitomi（田中瞳）	「もうイッてるってばぁ！！」スレンダー巨乳娘がイッた直後の追撃ピストンでビクビク痙攣！脳天まで突き抜ける快感で体をグイーンッとアーチを描いて昇天！エビ反り絶頂ブリッジBEST！デカチンの連続ピストンで全身を震わせてイキまくる28名のスレンダー巨乳！アクメ顔で絶叫する本気イキセックスが見れる52コーナー収録！迫力と躍動するおっぱいが最高にエロいハードピストン4時間を堪能下さい！	2024-10-11	
52	PPBD-290	ppbd00290	【パイズリ特化】 射精直前から痴女の乳テクで責め立てられる挟射85連発BEST - 晶エリー（新井エリー、大沢佑香）	凄テク痴女×最大Ocupの巨乳=セックスを超えた快感！パイズリに特化した乳フェチ謹製BESTの登場です！おっぱいを見たい、挟まれてるところで抜きたい、パイズリの良さを思い出したい…なんでもOK！男は黙っておっぱいの気持ちよさに溺れるしかない！どうしても抗えない巨乳の魔力！射精直前から始まるコーナーで抜きやすさを重視！スケベな表情でおっぱい駆使して抜きにくるエロい女に抜かれまくる85連射！	2024-09-13	
53	PPBD-289	ppbd00289	おっきいオッパイにムギュ～！と圧迫されながらシコシコ発射！Hカップ以上爆乳集まれ授乳手コキBEST - 織田真子	おっきいオッパイにムギュ～！っと圧迫されながらおっぱいチューチューしたい方必見！Hカップ以上の爆乳ちゃん大集合！たっぷりザーメン発射授乳手コキベスト！おっぱい大好きマンの王道プレイを31コーナー収録！心地よい圧迫感と強烈なシゴキの究極の融合プレイを繰り出す23名のデカパイ女優たちを厳選収録！視界が完全におっぱいに埋もれて夢見心地でザーメン噴射240分！窒息しちゃうおっぱいプレスで天国イキ！	2024-09-13	
54	PPBD-288	ppbd00288	「もっと腰振りなさいってばぁ！」 ゼッタイ連射させるッ！搾りたがり巨乳痴女の逆追撃中出し81発BEST - Hitomi（田中瞳）	Q.射精後のチ○ポをさらにおま○こでシゴいたらどうなっちゃうの？ A.頭おかしくなるほど気持ちイイ射精ができます。 射精1発じゃ物足りない淫乱スケベ痴女が巨乳を振り乱して「おかわり」を希望！腰を振らされ、時には騎乗位でチ○ポ貪られ！連続で中出しするまで終わらない金玉空っぽ確定の痴女セックスの世界！思いっきり射精してからもう1発！子宮からザーメン溢れかえるほどに連射！揺れまくるおっぱいがチ○ポのカンフル剤！このおっぱいを前に復活したチ○ポを痴女られる無限ループ！	2024-08-16	
55	PPBD-284	ppbd00284	敏感チクビをこねくり回す痙攣絶頂FUCK - Hitomi（田中瞳）	「乳首だけでイッちゃうのぉ！」敏感チクビをこねくり回す痙攣絶頂FUCK！触れるたびに感度上昇！クリトリスよりも敏感なビーチクをクリクリ刺激しまくる30コーナー収録！ピンク色の乳首を持つ美乳っ子を厳選収録！何度絶頂してもこねくりピストンが止まらない乳首絶叫ラッシュ！	2024-07-12	
56	PPBD-283	ppbd00283	膣奥と口内にチ〇ポねじり込み思わず乳揺れ悶絶！！上下串刺し乱交98射精 - Hitomi（田中瞳）	巨乳娘がクチとマ〇コにチ〇ポをねじ込まれて乳揺れ悶絶！デカチンまみれで痙攣イキする上下串刺し乱交！無残な串刺し姿で中出しされる17名の爆乳たち！生徒、サークル、NTR、様々な酒池肉林のシチュエーションで犯●れ続ける！デカチンを何度も突っ込まれて理性崩壊！そのまま中に口に吐き出される98発のザーメン！たくさんのチンポ無しじゃ生きてイケなくなるまで犯し尽くせ！！	2024-06-14	
57	PPBD-282	ppbd00282	おわん！釣鐘！半球！個性豊かな美バスト収録！！巨乳美少女達の乳ま〇こでイき果てる！射精直前パイズリラッシュ！99連発！！ - 晶エリー（新井エリー、大沢佑香）	乳ま〇こでイき果てたいおっぱいスキーあつまれ～！おわん型に釣鐘型、半球型！この世に存在する全形状の美バスト収録！貴方のチ〇ポにベストなパイズリがここにはある！！吸って、揉んで！挟まって、コスられ気が付けば乳肉にありったけの願望をぶちまけ射精！！上目遣いのご奉仕スタイルに征服感マックス馬乗りパイズリ！乳頭と亀頭のディープKISS！王様気分に浸れて最高なハーレムパイズリ！！ぼよん！たぷん！溢れる100連発！！	2024-06-14	
58	PPBD-279	ppbd00279	衣装をヒン剥き爆乳が弾けイキ！全裸よりも興奮する着衣SEXベスト！ - 織田真子	衣装をひん？き爆乳が弾けイク！ポロリする大迫力おっぱいに大興奮！全裸よりも興奮する着衣SEXベスト！巨乳強調ニット服やメイド服、セクシーランジェリーなど衣服で身を包んだ17名の神乳女優を厳選収録！乱れた衣装でスケベな部分だけが丸見えになった姿により下半身を刺激して激ピストンを繰り返す27本番！全裸になるまで待てないユーザーさん必見！自分本位の着衣SEXをご堪能下さい！	2024-04-12	
59	PPBD-273	ppbd00273	ヌルヌルおっぱい密着！ねっちょりと痴女ッてくる泡洗体パイズリ挟射BEST！ - Hitomi（田中瞳）	泡まみれヌルヌルおっぱい刺激で最高の射精体験！シャボンでもっちりネットリ状態の柔らかボインでシゴかれる22コーナー収録！お風呂で汗だくイチャコラ密着パイズリ＆パイコキでイクイク昇天！心もチ〇ポも洗われて気持ちよくザーメン出してね！	2024-01-12	
60	SGB-004	sgb00004	HitomiSUPER BEST8時間 - Hitomi（田中瞳）	驚愕のJカップを引っさげ登場した業界騒然移籍デビュー作から全5作品全25コーナーを収録した究極のHitomiベストの登場です！！デカチンが埋もれるデカパイズリ、巨大な乳房が激震するハードFUCKなど、まるごと爆乳が詰まった1本です！！	2010-04-01	
61	RKI-062	rki00062	誘惑の家庭教師 - 小泉キラリ（菅野桃）	吉沢明歩、希崎ジェシカ、Hitomi、原更紗、小西那奈、更に素人先生まで総勢24人の家庭教師。あなただけに贈る二人っきりの特別授業の数々。笑顔で優しく、そして刺激的なレッスン！密室の中だからこその恥じらいや興奮が詰まった永久保存版！	2010-03-19	
62	MIDD-599	midd00599	Jカップ超爆乳ボディー 激激激パイズリSP Hitomi - Hitomi（田中瞳）	史上最強の爆乳を誇るJカップ芸能人・HitomiがMOODYZ『超爆乳ボディー』に登場！オイル・唾液・汗塗れで肉棒丸呑みする激パイズリ！オッパイ揺らして男を誘惑する痴女SEX＆アクロバティックFUCK！爆乳縛り上げ陵●SEX→大量ぶっかけ！激ピストン串刺し3P！4本番ド迫力ハードFUCKで極上オッパイを味わい尽くせ！！	2010-03-01	
63	PPPD-082	pppd00082	Hitomi×OPPAI×4時間 ―Jの衝撃とOPPAIのスペシャルコラボレーション― - Hitomi（田中瞳）	OPPAIが超人気爆乳芸能人・Hitomiをプロデュース！HitomiのJcupをフェチに責めまくる全11コーナー！！爆乳縛りFUCK！乳顔挟みFUCK！コスプレFUCK！Hitomiの生乳を味わい尽くす！今まで見たことのないHitomiに出会えます！！	2010-01-19	
64	ARS-032	ars00032	爆乳パイズリSPECIAL Hitomi - Hitomi（田中瞳）	爆乳Jcup・Hitomiの激パイズリで白濁ザーメンが空中乱舞！両乳で3kgのボインで擦られチンコも大満足！パイズリ状態のまま勢いよくHitomiの顔面めがけ射精！爆乳プリンプリン揺らしながら騎乗位！3Pでマンコも責められ潮吹き昇天パーフェクト絶頂＆圧巻の10連続パイズリ抜き！！	2009-12-11	
65	ARS-030	ars00030	精子大好きボイン保母さん Hitomi - Hitomi（田中瞳）	エロ過ぎ爆乳保母さん・Hitomi先生の淫らな日常！Jcup震わせ濃厚精子を浴びる！お風呂で洗いっこ＆騎乗位SEX！彼氏の前では甘えんぼうでフェラ＆FUCK！給食の時間に白濁ザーメンぶっかけ10連発！お昼寝前の禁断悶絶SEX！セクハラ園長に叱られ3Pで感じまくり絶頂＆連続顔射！！	2009-11-13	
66	ARS-027	ars00027	爆乳若奥様の誘惑 Hitomi - Hitomi（田中瞳）	嵐を呼ぶJcup爆乳・Hitomiの3本目は若妻！甘ーい裸エプロン生活と禁断の誘惑SEX！朝起きて即FUCK！ダンナが出勤した後に昔の彼氏とSEX！秘密エステサロンでマッサージ師にイカされ、宅配業者のお兄さんを誘惑Hプレイ！奇跡のオッパイぷるぷる振り乱し、悶えまくる！！	2009-10-13	
67	ARS-024	ars00024	プライベートティーチャー 先生はJcup芸能人 Hitomi - Hitomi（田中瞳）	Jcup芸能人Hitomiの移籍第2弾は本格ドラマ！グラドルとして活躍しながら家庭教師にも扮し、生徒に教え襲われ大騒ぎ！ご褒美の脱衣ショー＆FUCK！ある日、巻頭グラビアの仕事を狙い週刊誌編集長の息子の家庭教師を引き受けることに…パイズリ＆手コキ・フェラ＆SEXだらけの1本！	2009-09-11	
68	STAR-177	star00177	芸能人 Hitomi 激イキ激吹きポルチオ - Hitomi（田中瞳）	爆乳JカップのHitomiが、衝撃のSODstar卒業！！最後の作品は、ポルチオ性感帯を刺激で激イキ激吹き！本編での潮吹き回数は、驚愕の30噴射！！マ○コから噴水のように吹き出る潮は圧巻！爆乳ローションマッサージ、女性カウンセラーによる愛撫マッサージ、ポルチオバイブでカウンセリング3Pセックス、濃密カウンセリングセックスと、4コーナーで激イキと激吹きの連続！！	2009-08-23	
69	PPPD-781	pppd00781	中出し後の精子とマン汁まみれのチ○ポをパイズリで再び勃起させる追撃PtoOセックス Hitomi - Hitomi（田中瞳）	PtoOとは…マンコ（プッシー）に挿入して愛液まみれになったチンポを更にパイズリ（おっぱいで挟み）して再び挿入するプレイの事。Hitomiのダイナミックな騎乗位で激しく責められ中出し、立て続けにザーメンで塗れのチンポをパイズリで再び高めて、更におっぱいに発射するか、マンコに挿入して中出しするもあなた次第！当然どちらにも発射可能！絶品名器と世界最高峰のOカップに責め続けられる追撃連射3本番！	2019-08-16	
70	PPBD-163	ppbd00163	イクイク大痙攣！！激ピストンおっぱい爆揺れ騎乗位ラッシュBEST - 佐山愛	目の前で弾けるプルルンおっぱい！騎乗位スタイル特有の超視覚的な爆揺れ絶頂アングルに大興奮間違いナシ！縦横無尽に暴れ狂う乳房がエロすぎてイッても終わらない追撃ピストンでゆらゆら天国！これこそオッパイ専門メーカーだから出来る大激震オーガズムラッシュ75コーナーをご覧ください！  【MOODYZキャンペーン30％OFF第3弾】は終了しました。 ※特典情報などの詳細はこちら	2019-07-13	
71	PPPD-774	pppd00774	揉み性感刺激オイルマッサージ ムギュっと追撃アクメでエンドレス痙攣絶頂 Hitomi - Hitomi（田中瞳）	超爆乳Oカップを揉みイカせオイルエステ！！Hitomi初めての1本丸ごと性感開発マッサージ！！女性ホルモンを活性化させ体内から美しくなる噂の施術。敏感おっぱいを中心にワシ掴みクラッシュで感度グングン上昇！さらに男性ホルモン膣内マッサージでGスポット直撃おっぱい暴れ狂いエビ反り痙攣＆絶叫爆揺れオーガズムと常に理性ぶっ飛び！しつこいほどにニュルニュル乳房をモミモミまくる3本番＋中出し大量挟射！	2019-07-13	
72	PPPD-766	pppd00766	無愛想なお隣の巨乳お姉さんと1週間のツンデレ同棲生活 Hitomi - Hitomi（田中瞳）	お隣さん家のHitomiお姉ちゃんは昔から無愛想で冷たくて僕はちょっと苦手…。だけど親同士仲が良く、ウチの親が旅行に行く一週間僕の面倒を見てくれることになった！ぶっきらぼうな態度とは裏腹に積極的に絡んでくるお姉ちゃん！僕のAVを勝手に見たり、スク水でお風呂に乱入してきたり…！そしてふと気づく。姉ちゃん、実は僕のこと…？完全主観で体験するツンデレ爆乳Hitomiお姉ちゃんとの同棲生活！	2019-06-15	
73	PPBD-159	ppbd00159	射精寸前の超快感パイズリラッシュ100連発 オッパイでいっぱいイッちゃってぇ挟射スペシャル - 佐山愛	【おっぱい好き必見！！射精直前の全力パイズリ高速シェイク…これって乳テクで一番輝いている瞬間だと思いませんか！？】大量挟射する寸前の2～3分を厳選収録した超快感パイズリ乳圧迫ホールド100連発ノンストップスペシャル！！巨乳専門メーカー:OPPAIだから出来る神乳＆爆乳＆超乳ぷるるんオンパレード！！	2019-05-16	
74	PPPD-759	pppd00759	爆乳専門おっパブ店のOcup嬢はハッスルタイムで中出し本番 Hitomi - Hitomi（田中瞳）	爆乳しか在籍しないおっぱいパブ！そこに在籍する爆乳の中の爆乳…超乳Oカップ嬢Hitomi！彼女は我々がかつて体験したことがないおっパブ体験を味あわせてくれる！抱きつかれただけで顔面をすっぽりと覆われる！こっそり店内でパイズリされてもチンポは隠れて問題なし！個室プレイでは世界最高の爆乳を思う存分味わいながら中出し出来るVIP体験！Hitomiでしか味わえないおっパブ体験をお楽しみください！	2019-05-16	
75	PPPD-752	pppd00752	友達の教育ママを乳奴● Hitomi 〜逆恨みDQN少年たちの中出し専用おっぱい肉便器〜 - Hitomi（田中瞳）	【Hitomi初の教育ママ＆インテリ眼鏡】息子の友達は異常性欲DQN少年…叱られたことを逆恨みして卑怯な脅迫開始。そして憧れのママオッパイをヤリたい放題しまくり、世間体と愛する息子を守る為に乳奴●へと堕ちていく！！≪自宅襲撃乳揉みレ×プ・風呂乱入パイズリ強要・爆揺れ立ちバックSEX・声ガマン放置アクメ・顔面精液ぶっかけ・連続中出し輪●SEX≫と乳凌●はエスカレートしていく！！	2019-04-13	
76	PPPD-745	pppd00745	彼氏に30日間禁欲させられケダモノになった巨乳をおれが先に寝取ってめちゃめちゃヤリまくってやった Hitomi - Hitomi（田中瞳）	僕と彼女は1ヶ月Hを我慢して最高のSEXをする「禁欲プレイ」の真っ最中。だけど楽しみにしてた念願の31日目にまさかの出張！Oカップ彼女はHおあずけで性欲120％野獣状態！信じていた親友が…そんな彼女を押し倒す！「ごめんね…我慢しすぎて我慢できなかったの…」ずっと楽しみにしてたのに…。禁欲開放Hを横取りしたアイツはメス覚醒したおれの恋人とケダモノみたいに何度もヤリまくり！裏切りのド淫乱性交！！	2019-03-16	
77	TSDS-46066	tsds46066	Present/沖田杏梨	120cmのバストと106cmのヒップを備えた「人類最強ボディ」で圧倒するセクシー美女・沖田杏梨ちゃんのイメージ。久々のイメージ撮影となる今回は過激なシースルー衣装を披露し、色気たっぷりに誘惑する。  【※この作品はイメージビデオです】	2023-08-25	
78	REAL-700	real00700	下品なデカチチ女をこれでもかとイカせまくる！巨乳女イカセ240分 - 波多野結衣		2019-06-28	
79	REAL-675	real00675	絶頂＆痙攣イキ カラダをビクつかせてイク女達 - 沖田杏梨		2018-05-11	
80	MDB-877	mdb00877	王様気分が思う存分味わえる4時間BEST - 波多野結衣		2018-03-23	
81	REAL-667	real00667	阿鼻叫喚 絶叫潮吹き 4時間BEST - AIKA		2018-02-09	
82	BDSR-330	bdsr00330	★配信限定特典付★これで抜けなかったら神。出し惜しみ一切なしの最強打線！細いのに巨乳な最高ボディ美女のガッチガチ生本番濃厚セックス。12人4時間 - かすみ果穂	★FANZA配信限定・特典映像付★決して油断するな！秒速でヌかれるぞ…。全員4番バッターの妥協ゼロな最高のキャスト陣が織り成す即抜き不可避の生々しいセックス。リアルドキュメンタリーならではの会話から見え隠れするSSS級女優の‘素’の表情。ガマン汁溢れるデカチ○ポを潤んだ瞳で丁寧にフェラチオし、勢いに任せてナマ挿入…。 ★特典★『中出し人妻不倫旅行 倉多まお』より ‘ほどよくムッチリしている清楚で初々しい雰囲気のなんとも可愛らしい人妻が、恥じらいつつもイキまくる！’他	2018-01-25	
83	MKMP-209	mkmp00209	KMP15周年記念特別企画！！超人気鉄板企画100タイトル超豪華8時間スペシャル - 及川奈央		2017-12-08	
84	REAL-658	real00658	絶対不動！！拘束BEST240分 - 川上ゆう（森野雫）		2017-11-24	
85	HMJM-042	hmjm00042	巨乳ベスト6時間06 - 沖田杏梨		2017-08-26	
86	OFJE-100	ofje00100	【初回限定】撮りおろしオリジナルジャケット仕様 新年度エスワン2017 超一流女優100名詰め込んだ極上姫祭！オールSEX12時間スペシャル - 吉沢明歩		2017-04-15	
87	REAL-621	real00621	REALガチ売上BEST55！！ 2010-2016 - 村上涼子（中村りかこ、黒木菜穂）		2017-01-27	
88	PPBD-131	ppbd00131	100人もの巨乳美女達にたっぷり孕ませ中出しSEX100通り - 杏美月	100人の巨乳美女達に思いっきり気持ちのいい中出し射精をする瞬間100通りを集めた巨乳好きにも、中出し好きにも、射精好きにもお勧めのベスト！！中出し直前に激しいピストンで大きなおっぱいがバインバインと縦横無尽に揺れまくる！1億匹の精子をたーっぷり膣奥深くに孕ませ中出し！！	2016-09-17	
89	MIZD-035	mizd00035	デカチン超硬勃起ガポッじゅるフェラBEST - 妃乃ひかり	ガッチガチの超硬デカチンを嬉しそうに頬張り、舐め上げ、貪り、喉奥までズボズボ咥え続ける超シコれるフェラチオBESTです！デカチンのみのロングストロークフェラがエロイ！フェラマニアが厳選した、ガポッと咥え、じゅるっと吸い上げる、名人芸の域に達した極上のフェラチオ！涎、唾液が溢れまくり、ぬるべちょクチマンコは最高の気持ち良さ！フェラの極みがここにあります！！	2016-09-11	
90	MIZD-025	mizd00025	痴女のおしゃぶり4時間 - つぼみ		2016-08-01	
91	RBB-100	rbb00100	おっぱいで重要な「形」「大きさ」「さわり心地」の黄金比が完璧な神乳8時間 Ver.3 - 春菜はな		2016-07-19	
92	CJOB-013	cjob00013	痴女だらけとボク1人BEST パートII 天国or地獄のハーレムプレイ4時間 - 鏡麗子		2016-06-25	
93	PPBD-123	ppbd00123	巨乳娘と毎日日替わりSEX豪華3ヶ月分91人8時間BEST - 佐山愛	爆乳娘の様々なシチュエーションのセックスが日替わりで3ヶ月も見れるスーパーお得過ぎるベストが登場！！毎日1人をおかずにオナニーしても91人収録されているので3ヶ月は新鮮なオナペットを相手にできちゃう贅沢仕様！JULIA/めぐり/Hitomi/佐山愛/澁谷果歩/尾上若葉/水野朝陽/などOPPAIが誇る人気女優と夢のヤリ放題SEXライフ！	2016-05-15	
94	RBB-093	rbb00093	無防備すぎるスケベお姉さんをたらしこむ、いたずら大好きおねショタえっち 8時間 - 森ななこ	子供の頃、大人の女性に憧れていた男性諸君必見！小さいな男の子が年上の女性にHないたずらをしちゃいます！悪ガキ・童貞少年・マセガキなど様々なショタが登場する作品！	2016-05-15	
95	MIMK-044	mimk00044	AV引退×クリムゾン エロ漫画家に囚われた沖田杏梨		2016-05-08	
96	MIZD-010	mizd00010	激しく突かれて激しく揺れる巨乳固めバックFUCK！！ - めぐり（藤浦めぐ）	バックで激しく突かれる女たち！巨乳美女限定！！しっかりホールドされた腰を後ろからガンガン突きまくる！チンコを突くたびに大きなおっぱいが縦に横にぶるんぶるん！！最高の景色を大満足にたっぷりお届けします！！	2016-05-08	
97	PBD-324	pbd00324	敏感極上ボディのお姉さん 31人と日替わりセックス - かすみ果穂	アナタ好みのカラダがきっと見つかる！男なら一度はハメたい、反応バツグンのゴージャスボディ集大成ベストが完成！爆乳、クビレ、エロ尻、美脚、美マン…スタイルの良さはもちろん、各パーツの卑猥さにまでトコトンこだわった選りすぐりのエロボディお姉さん31人が集結！日替わりであらゆるボディを楽しめる実用性バツグンの一作！	2016-04-30	
98	BMW-129	bmw00129	WANZFACTORY 2015年全157タイトル16時間総集編 - 二宮沙樹	ワンズファクトリーが2015年に発表した全157タイトルの総集編です！超お買い得な作品！人気作品の中からヌケるシーンを厳選して収録！どこから見てもシコれる、バラエティに富んだ作品です。美少女からお姉さん、凌●、コスプレ、中出しモノと何でも入っております。この機会に是非、見たことのないジャンルもお試しください！	2016-04-27	
99	CJOB-010	cjob00010	丸ごと1年分全作全シーン網羅 269 痴女ヘブン革命期2015年 61タイトル8時間 - 小川あさ美	年に一度のお祭り作品が遂に登場！美から痴女ヘブンに生まれ変わった激動の2015年269コーナーを完全網羅！無制限シリーズから中出しソープが3作品、男が気持ち良くなることに特化した亀頭責めまくり作品が2作品、男を責める3人の痴女シリーズも収録！澁谷果歩、川上ゆう、AIKA、安野由美、三浦恵理子etc…人気女優ばかりのラインナップ！もう一度見たいあの作品や知らなかった掘り出し作品で抜きまくり！	2016-04-23	
100	RBB-091	rbb00091	発射寸前！我慢汁垂れ流しの気持ちいいフェラチオ316連射16時間第5弾 - 吉沢明歩	超絶大人気フェラチオベスト第5弾が登場！！フィニッシュ直前の最高に気持ち良すぎるフェラだけを完全収録！イヤらしい音を立てながらチ○ポを頬張る女はマジエロ過ぎ！いろんなフェラを集めたSS級口マンコ総勢316人！マンコよりも気持ちいいクチマンコでしゃぶられ続けるフェラチオ好き必見の永久保存版！	2016-04-16	
101	PPBD-121	ppbd00121	ノンストップでおっぱいが揺れまくる巨乳ならではのフェラチオ8時間BEST - 杏美月	舐めるの大好きボイン美女達が自慢の巨乳を揺らしながらしゃぶりまくる！おっぱい大好きメーカーOPPAIだからこその巨乳が見易いアングルで「おっぱい好き」にも「フェラチオ好き」にも納得のフェラチオ映像集！200越えの大量フェラシーンをノンストップで収録！	2016-04-16	
102	MIDE-324	mide00324	Lcup 超爆乳インストラクター 沖田杏梨	沖田杏梨                                                      3週間前                                                                                            呼吸してます。 太りましたが、 なかなかむっちりも良いもんです。 もう少し、まっててね。	2016-04-09	
103	BMW-127	bmw00127	沖田杏梨8時間	沖田杏梨                                                      3週間前                                                                                            呼吸してます。 太りましたが、 なかなかむっちりも良いもんです。 もう少し、まっててね。	2016-03-26	
104	PPPD-451	pppd00451	彼女のお姉さんは巨乳と中出しOKで僕を誘惑 沖田杏梨	沖田杏梨                                                      3週間前                                                                                            呼吸してます。 太りましたが、 なかなかむっちりも良いもんです。 もう少し、まっててね。	2016-03-13	
105	MIBD-995	mibd00995	極上女優限定！贅沢ハーレム逆3P23本番 - 南波杏		2016-03-13	
106	MIDE-316	mide00316	爆乳ボンデージ×拘束サークル 沖田杏梨	沖田杏梨                                                      3週間前                                                                                            呼吸してます。 太りましたが、 なかなかむっちりも良いもんです。 もう少し、まっててね。	2016-03-10	
107	BMW-124	bmw00124	おっぱいパフパフ挟み上げパイズリBEST - かすみ果穂	柔らかいオッパイが勃起チ○ポを丸ごと包み込む密着パイズリスペシャル！！目の前でイヤらしく激しく上下に動く乳房と乳首は最高の視覚的エロス！！挟みシゴかれ限界を迎えたチ○ポから勢いよくザーメン発射！！総勢30名の柔乳超快感パイズリセレクションをご覧ください。	2016-02-27	
108	MIDE-307	mide00307	奴●人妻オークション 沖田杏梨	沖田杏梨                                                      3週間前                                                                                            呼吸してます。 太りましたが、 なかなかむっちりも良いもんです。 もう少し、まっててね。	2016-02-11	
109	GASO-067	gaso00067	沖田杏梨はオレのカノジョ。	沖田杏梨                                                      3週間前                                                                                            呼吸してます。 太りましたが、 なかなかむっちりも良いもんです。 もう少し、まっててね。	2016-02-11	
110	PPBD-114	ppbd00114	巨乳女教師の誘惑 8タイトル丸ごと全部入り16時間BEST vol.2 - 佐山愛	人気シリーズ「巨乳女教師の誘惑」が丸ごと8タイトル入ったお得すぎるスーパーベストの第2弾！今回も巨乳でエッチな先生が生徒を誘惑しまくり！教室で勉強だけじゃなくパイズリやSEXも教えてくれる！専属女優の佐山愛や、人気女優の波多野結衣、篠田あゆみなどの誘惑に生徒は勃起しまくり、セックスしまくり、発射しまくりのスペシャルな作品！	2016-01-16	
111	BMW-118	bmw00118	絶頂中出し100連発8時間 - つぼみ		2016-01-01	
112	BMW-116	bmw00116	凄テクを我慢できれば生★中出しSEX！ベストテクニック8時間vol.2 - かすみ果穂	ワンズファクトリー超大人気企画「凄テク我慢」シリーズのベスト版第2弾！8名の凄テク女優が素人たちを暴発させる超絶射精テクニックの数々！そして、10分間我慢した素人にはご褒美の中出しSEX！激エロシーンを厳選ピックアップしました！！男のカラダを熟知しているハズの女優たちが、意地とプライドと中出しを賭けて本気で責めイカす！ホントにAV女優のテクニックは凄いのか！？そんな疑問に答えるスペシャル作品！！	2015-12-27	
113	MIMK-039	mimk00039	MOODYZ15周年記念作品【限定共演】クリムゾンドリーム - かすみ果穂		2015-12-25	
114	PPSD-050	ppsd00050	OPPAI 一夫多妻スペシャル 巨乳2人と夢の中出し重婚生活 沖田杏梨 澁谷果歩		2015-12-12	
115	MIDE-294	mide00294	超硬フル勃起 寸止め痴女伝説 沖田杏梨	沖田杏梨                                                      3週間前                                                                                            呼吸してます。 太りましたが、 なかなかむっちりも良いもんです。 もう少し、まっててね。	2015-12-06	
116	BMW-113	bmw00113	ランジェリーナ8時間BEST 4 - かすみ果穂	高級下着を身にまとったお姉さまたちの淫らな姿を映し出す「ランジェリーナ」の豪華ベスト第4弾！！ブラジャー、Tバック、ショーツ、スリップ、ガーター、パンスト…6人の女性が男を惑わす姿で溢れ出る欲望のまま悶え乱れる！！全裸よりも下着姿に興奮する方へ送る全編ズラしハメ！！超高級ランジェリーで魅せるハードSEXスペシャル！！	2015-11-28	
117	BBI-214	bbi00214	感度集中！ねっと〜り亀頭責め痴女 沖田杏梨	沖田杏梨                                                      3週間前                                                                                            呼吸してます。 太りましたが、 なかなかむっちりも良いもんです。 もう少し、まっててね。	2015-11-21	
118	MIDE-284	mide00284	猿轡レ×プ調教 特別版 沖田杏梨	沖田杏梨                                                      3週間前                                                                                            呼吸してます。 太りましたが、 なかなかむっちりも良いもんです。 もう少し、まっててね。	2015-11-07	
119	MIDE-275	mide00275	射精管理おねえさん 沖田杏梨	沖田杏梨                                                      3週間前                                                                                            呼吸してます。 太りましたが、 なかなかむっちりも良いもんです。 もう少し、まっててね。	2015-10-10	
120	MIRD-151	mird00151	夢の一夫多妻 真性中出しSPECIAL - 水城奈緒		2015-09-10	
121	HMGL-129	hmgl00129	カンパニー松尾 コンプリート 10 恥ずかしいカラダ 6時間 - 江波りゅう（RYU)		2015-08-30	
122	MIDE-257	mide00257	超高級Lcup爆乳メイド 沖田杏梨	沖田杏梨                                                      3週間前                                                                                            呼吸してます。 太りましたが、 なかなかむっちりも良いもんです。 もう少し、まっててね。	2015-08-08	
123	MIBD-939	mibd00939	凄いチ○ポでポルチオを突かれておかしくなった女達2 - つぼみ	ただただ、女が見たこともないほどダメになっていく様を集めたBEST第2弾。女性の最大の弱点である子宮の入り口にしっかり到達できるチンポでのSEXを厳選。最奥部をカリ先でつつき、撫で回した時に見せる最高にだらしのない反応を集めました。食い縛りうめく女、羞恥心を失い乳を振り回し狂う女、人としてアウトな表情であちらの世界に行った女…あの人気女優が人間をやめた瞬間、是非ご覧下さい。	2015-08-08	
124	MIDE-248	mide00248	SUPER爆乳BODYコスプレイヤー6変化 沖田杏梨	沖田杏梨                                                      3週間前                                                                                            呼吸してます。 太りましたが、 なかなかむっちりも良いもんです。 もう少し、まっててね。	2015-07-11	
125	WANZ-361	wanz00361	射精大好きマサオ君と欲求不満お姉ちゃんのHなお留守番 沖田杏梨	沖田杏梨                                                      3週間前                                                                                            呼吸してます。 太りましたが、 なかなかむっちりも良いもんです。 もう少し、まっててね。	2015-06-27	
126	HNDB-071	hndb00071	尻バック中出し！！ - 北川エリカ	男にとって最も激しく突くことができる体位それは【バック】尻肉を掴み後ろからズブズブと後ろからチンポ挿入して大絶頂！無防備なマンコを背後から好き放題突きまくり仰け反った女体が堪らなく、そして猛烈ピストンで歪んだ表情と揺れる乳房をカメラに見せつけ激ピストンのまま膣奥にドクドクと大量中出し！マンコから白濁液をドロドロと流れ出る尻バック中出し！！	2015-06-20	
127	MIBD-923	mibd00923	いやらし～い巨乳のお姉さんに見下されながら跨られて犯された僕。 - 波多野結衣		2015-06-13	
128	MIRD-150	mird00150	JとL 超乳W真性中出し 沖田杏梨 Hitomi - Hitomi（田中瞳）		2015-05-30	
129	MIDE-233	mide00233	沖田杏梨があなたのお嫁さん	沖田杏梨                                                      3週間前                                                                                            呼吸してます。 太りましたが、 なかなかむっちりも良いもんです。 もう少し、まっててね。	2015-05-10	
130	PGD-777	pgd00777	プレミアム スタイリッシュソープ ゴールド 沖田杏梨	沖田杏梨                                                      3週間前                                                                                            呼吸してます。 太りましたが、 なかなかむっちりも良いもんです。 もう少し、まっててね。	2015-05-03	
131	RBB-023	rbb00023	肉棒を包み込む最高の口淫 美熟女の優しく丁寧なフェラチオ16時間 - 笠木忍	オンナの成熟した色気をムンムンとさせながら優しくチンポを咥え込み、丁寧に気持ちよく男を絶頂に導く、蕩けるような熟女の極上フェラチオの金字塔が登場！ジュルジュルといやらしく音を立てながら、熱い唾液で亀頭を絡め取るように優しくチンポをしゃぶってくれる、熟女の極上口マンコを堪能できる！	2015-04-16	
132	PPBD-096	ppbd00096	OPPAI 7周年記念！！ 巨乳と中出しSEX8時間 - 佐山愛	OPPAI7周年記念！！巨乳娘と中出しSEXする名場面だけを集めた超お得な作品集！！発射寸前のラストスパートピストンで、ブルブル激しく揺れる巨乳を眺めながら中出しSEX！そんなシーンばかりを集めた、OPPAIだからこそ制作できた逸品！！JULIA・めぐり・佐山愛・波多野結衣など！人気巨乳女優の膣穴からドロッと垂れ落ちるザーメンは必見！！	2015-04-16	
133	MIDE-225	mide00225	むっちりヤリマンOL 沖田杏梨	沖田杏梨                                                      3週間前                                                                                            呼吸してます。 太りましたが、 なかなかむっちりも良いもんです。 もう少し、まっててね。	2015-04-11	
134	PBD-299	pbd00299	プレミア女優がお風呂でフェラとかパイズリしてくれるの最高すぎww - 志保	ソープで一発ヌいてもらうのと、自宅のお風呂でイチャイチャしながらフェラとかパイズリとかしてもらって一発ヌいてもらうのとじゃあ全然気分が違ってきますよね。断然後者でしょ、というアナタへ贈るベスト版が出来ました。お風呂場だからすぐ洗い流せるし、心置きなく発射させて頂きます！	2015-04-04	
135	WANZ-319	wanz00319	沖田杏梨の凄テクを我慢できれば生中出しSEX！	沖田杏梨                                                      3週間前                                                                                            呼吸してます。 太りましたが、 なかなかむっちりも良いもんです。 もう少し、まっててね。	2015-03-28	
136	PPBD-095	ppbd00095	危険日の巨乳に孕ませ中出し8時間 - 佐山愛	妊娠するかも知れないスリルで感度が増した危険日の巨乳美女達に、限界ギリギリまで激ピストンを繰り返し、特濃のザーメンを注ぎ込む孕ませベスト！排卵日を迎えてハリのある巨乳が上下左右に揺れまくる！挿入～子宮口から受精済みザーメンがドロっと垂れる瞬間までを余す事無く収録！本能のままに性欲を満たした巨乳美女達の恍惚の表情は必見！おっぱい好き専用メーカーだから実現した、巨乳美女限定の中出し孕ませベスト！	2015-03-14	
137	MIDE-213	mide00213	巨乳お姉さんに抜かれっぱなし凄テク痴女デート 沖田杏梨	沖田杏梨                                                      3週間前                                                                                            呼吸してます。 太りましたが、 なかなかむっちりも良いもんです。 もう少し、まっててね。	2015-03-08	
138	PBD-294	pbd00294	お姉さん31人 日替わり誘惑SEX8時間 - 光月夜也（林絵里）	綺麗なお姉さんで毎日ひたすらヌキまくりたいアナタのためのスーパーベストがついに完成！プレミアムが誇るお姉さんたち1ヶ月分、31人のセックスを完全収録！穂花や小川あさ美といったレジェンド女優から里美ゆりあ、波多野結衣、桜井あゆと言った今一番旬な女優達まで魅力が満載！今日はどのお姉さんでオナニーしますか？	2015-03-05	
139	RVG-011	rvg00011	ボイン大好きしょう太くんのHなイタズラ BEST8時間 - 沖田杏梨	「ボイン大好きしょう太くんのHなイタズラ」シリーズの中から名作8タイトルをセレクト。巨乳の女性が大好きなマセガキ‘しょう太’があの手この手で女性に近づきイタズラをしてSEXまでしてしまいます。金髪ボインの綺麗なお姉さんのお宅へ訪問し、そこで英語のレッスンを受けることに…。など盛りだくさん。  コミック版「しょう太くんのHなイタズラ」が電子書籍フロアにて配信中！	2015-02-19	
140	RBB-007	rbb00007	横乳下乳はみ出し放題！スーパーヘビー級のHカップ以上厳選 世界に誇れるモンスターおっぱい！！16時間 - 夢野まりあ	世界と勝負の時は来た！！遂に目覚めた日本のモンスターおっぱい軍団！！激揺れするおっぱいの振動があなたのハートを揺さぶり、ハンパない乳圧で多幸感に包まれます。超厳選のおっぱいをた～っぷり。豪華女優の溢れ出る乳房でずっとヌケる一作。ROOKIEだからこそできる量と質。永久保存版に是非してください！！	2015-02-15	
141	TYWD-066	tywd00066	淫乱日替わりSEX16時間 - 風間ゆみ	淫乱メーカー乱丸がドスケベな皆さまの為に毎日ヌケる日替わり淫乱ベストを完成させました！！31人の濃厚淫乱セックス。一日30分観ても1ヶ月分のた～っぷり収録。凄いぞ乱丸！コスリ過ぎてチンポの火傷注意！！あなたのもとに素晴らしいオナニーライフが訪れますように！！	2015-02-15	
142	MIDE-201	mide00201	快感でおかしくなるまで続く 痙攣性交と絶頂潮 沖田杏梨	沖田杏梨                                                      3週間前                                                                                            呼吸してます。 太りましたが、 なかなかむっちりも良いもんです。 もう少し、まっててね。	2015-02-07	
143	MBYD-216	mbyd00216	奥さんのボリューミーなお尻8時間 - 風間ゆみ	お尻好きに朗報！お尻の魅力が満載の1作！大ヒット作品、佐山愛「妻の寝取られ～」でのむちむちお尻。ある生徒にむちゃくちゃに辱められ弄ばれる西條るり、「女教師ペット」や義弟のマッサージに思わず欲情する風間ゆみ、生徒達を美尻＆美脚で挑発する仲丘たまきなど美女たちのお尻がたまりません！！	2015-02-07	
144	BMW-084	bmw00084	生徒に自宅を乗っ取られた若妻女教師8時間総集編 - つぼみ	ワンズ屈指の人気シリーズから待望のベスト登場！美人で真面目で気高い若妻女教師は、いつもほんの些細なことから悲劇のヒロインへと変貌する。3日間に及ぶ監禁凌●、昼夜を問わない輪●！安息の場であるマイホームが逃げ場の無い地獄と化す！狂気と快楽のシリーズ総集編＆特別版でリリース！	2015-01-25	
145	BMW-085	bmw00085	舐め殺しエクスタシー イカせ舌技8時間 - 菜月綾（水来亜矢）	オトコを興奮させる絶品の舌技を持つ女優が大集結！！チ○ポ・アナル・金玉袋・足指・濃厚ベロキス・乳首舐め手コキなどオトコの気持ちいい性感帯を丹念に舐めながら射精させてくれるエロエロペロペロテクニックが詰まった1作！！	2015-01-25	
146	ONSD-891	onsd00891	上に乗って重くないかな？とか最初は考えてたけど、気づけば殿方の顔に愛液をクチュクチュと擦り付けるように我を忘れて腰を振っていました。 - 吉沢明歩		2015-01-19	
147	RBB-005	rbb00005	誰にも言えず、誰にも知られたくない。禁断 近親相姦16時間 - 友田真希		2015-01-19	
148	PPBD-091	ppbd00091	放っておくなんてもったいない！！巨乳を愛撫しながらのSEX51人8時間 - 浜崎りお（森下えりか、篠原絵梨香）	セックス中の縦横に暴れまわる巨乳を放置せず、同時に楽しむスーパーベストが登場！！おマ○コの絞め付けを感じながら、柔らか巨乳の弾力も同時に堪能！目の前の巨乳をムギュっと鷲掴み、何度も腰を突き上げる！OPPAIが誇る人気女優51人が膣挿入と巨乳愛撫のW快感でイキまくり！！	2015-01-17	
149	PPBD-090	ppbd00090	爆乳娘と日替わりSEX31人8時間 - 佐山愛	爆乳娘とのセックスを1ヶ月間、日替わりで堪能できるスーパーベストが登場！爆乳娘31人を毎日とっかえひっかえ1ヶ月分収録！それぞれ大きさや形が異なる巨乳を揉んで舐めて責めまくる！腰を動かすたびに縦横に大きく揺れる巨乳を眺めながら大量中出し！JULIA/めぐり/佐山愛/波多野結衣/篠田あゆみ/椎名ゆな/本田莉子/など、OPPAIが誇る人気女優と夢のヤリ放題SEXライフ！	2015-01-17	
150	TYWD-064	tywd00064	超厳選！驚愕の絶頂総集編 - 友田真希	淫乱メーカー【乱丸】だからこそできた、驚愕の絶頂集が完成いたしました。女は快感によってここまで変わるんです！そんな女の通常時と発情時のギャップがてんこ盛り。超厳選した淫乱女28人の、気持ち良すぎて豹変してしまった絶頂シーンをたっぷりご覧ください！！	2015-01-17	
151	MIDE-186	mide00186	ズコバコ超乱交 沖田杏梨	沖田杏梨                                                      3週間前                                                                                            呼吸してます。 太りましたが、 なかなかむっちりも良いもんです。 もう少し、まっててね。	2015-01-10	
152	MBYD-214	mbyd00214	僕だけの巨乳女教師ペット ごっそり6タイトル12時間BEST - 西野翔	ある生徒の言いなりペットの女教師。テスト中の密かなローターいじめ、恥ずかしい服を着させられ巨乳を執拗に揉みたおされる！他の生徒にも肉体奉仕させられ嫉妬に狂ったご主人様のお仕置きファック。こんなひどい目にあっても私のオマンコはぐしょぐしょに濡れてしまうんです…。豪華キャストで収録！	2015-01-10	
153	PPBD-089	ppbd00089	パイズリ射精250発24時間 - 葉月奈穂（葉月菜穂）	パイズリ射精を250発たっぷり収録した究極ベスト！！おっぱい好き専用メーカーだからこそ実現できた、大迫力の巨乳パイズリのみを厳選！セックスでは決して味わえない快感が勃起チンポを優しく包み込む！JULIA/めぐり/佐山愛/波多野結衣/篠田あゆみ/吉永あかね/川菜美鈴/椎名ゆな/他多数！豪華巨乳女優達の超絶パイズリをじっくり楽しめる、巨乳好き必見の究極ベスト！！	2014-12-11	
154	TYWD-063	tywd00063	クンニ絶頂トランス117連発 - 加山なつこ	女の亀頭であるクリトリスを激しく舐めて絶頂へと導くクンニをドドーンと117連発！！クンニでしか見られない絶頂。この気持ち良さに演技一切なし。ガチの雌の姿があらわに。淫乱メーカーでしか実現できないクンニ絶頂を是非ごらんください！！	2014-12-11	
155	MIRD-145	mird00145	超絶品BODY真性中出し大乱交SPECIAL - 沖田杏梨		2014-12-07	
156	WANZ-265	wanz00265	ランジェリーナ 沖田杏梨	沖田杏梨                                                      3週間前                                                                                            呼吸してます。 太りましたが、 なかなかむっちりも良いもんです。 もう少し、まっててね。	2014-11-29	
157	BMW-078	bmw00078	最後まで女が抜く！フェラチオ ただ気持ち良くなっていれば良い王様フェラ4時間 - 風間ゆみ	射精の瞬間まで女にヌイてもらいたい！王様気分でただ気持ち良くなっていれば良い贅沢フェラ抜きベスト！つぼみ・波多野結衣・椎名ゆなetc…。極上テクニシャン揃い！	2014-11-29	
158	PPPD-330	pppd00330	巨乳娘とヤリ放題 沖田杏梨	沖田杏梨                                                      3週間前                                                                                            呼吸してます。 太りましたが、 なかなかむっちりも良いもんです。 もう少し、まっててね。	2014-11-15	
159	TYWD-060	tywd00060	ガツガツ腰振りトランス騎乗位 - 笠木忍	獣と化した女が、自ら気持ちよくなる為だけに、ガツガツ腰振る騎乗位ベストが登場！腰を振ってトランス状態に陥る淫乱女が見れる貴重な一作。女主導の騎乗位が好きなアナタにお薦めの一本です！	2014-11-15	
160	MIDE-160	mide00160	クリでイクまで射精させない爆乳痴女お姉さん 沖田杏梨	沖田杏梨                                                      3週間前                                                                                            呼吸してます。 太りましたが、 なかなかむっちりも良いもんです。 もう少し、まっててね。	2014-10-09	
161	MBYD-206	mbyd00206	女教師50人8時間 - 金子リサ	溜池ゴローで高い人気を誇る‘女教師モノ’から50人一挙収録！！！懐かしの女優から今が旬の女優まで幅広く網羅！生徒の性奴●として弄ばれる女教師、生徒達の滾る性欲の餌食となる女教師など、超お得ベスト！！！	2014-10-09	
162	MBYD-205	mbyd00205	生涯を夫だけと誓った妻の完堕ち自我崩壊SEX - 牧原れい子	夫への貞操は突き崩されて…。義理の息子に脅迫されいつしか彼の調教に染まるHitomi、『義母奴●』夫の上司に犯●れ欲望の罠に堕ちる波多野結衣、椎名ゆななど。激しい強●が見所のJULIA『肉体労働者と巨根に犯●れ…』夫の親友の告白に心揺れ体乱れる『夫の親友に犯●れ…』などヌキ所満載！	2014-10-09	
163	HND-128	hnd00128	中出しを教えるヤリマン巨乳女教師 沖田杏梨	沖田杏梨                                                      3週間前                                                                                            呼吸してます。 太りましたが、 なかなかむっちりも良いもんです。 もう少し、まっててね。	2014-09-20	
164	PPBD-083	ppbd00083	柔らか巨乳での挟射は膣挿入以上の快感！！射精直前の気持ちいいパイズリ100連発！！ - 葉月奈穂（葉月菜穂）	射精直前～直後の一番気持ち良い瞬間だけを収録した巨乳パイズリ100連発！約2分間に1発射！超連続パイズリ射精で見飽きません！おっぱい好き専用AVメーカーだからこその、こだわりのパイズリシーンのみを厳選して収録！無駄なシーンを一切排除し、高クオリティをお約束！最大に膨張したチンコが乳圧に耐えきれず濃厚ザーメンを発射！迫力ある巨乳パイズリは必見！	2014-09-13	
165	MIDE-151	mide00151	同時にイクまで昇り詰めるSEX 沖田杏梨	沖田杏梨                                                      3週間前                                                                                            呼吸してます。 太りましたが、 なかなかむっちりも良いもんです。 もう少し、まっててね。	2014-09-07	
166	KDMI-021	kdmi00021	挑発タイトイズム BEST - 沖田杏梨	いい女のいい服、極上に仕上がった美女たちの総集編。極上のグラマラスボディーの完全着衣FUCK。	2014-09-05	
167	BF-333	bf00333	爆乳限定！ハメ狂い激振騎乗位8時間！ - 芦名未帆（稲森しほり）	猛烈に腰を動かし男を骨抜きにする極上の騎乗位のみ厳選！！エロのスイッチが入った働く美女たちのハメ狂い極上騎乗位テクニックをご覧アレ！！「気持ちよすぎて勝手に腰が動いちゃう…！」	2014-09-04	
168	WANZ-225	wanz00225	生徒に自宅を乗っ取られた若妻女教師 美人妻が奴●ペットと化す3日間の凌●劇 沖田杏梨	沖田杏梨                                                      3週間前                                                                                            呼吸してます。 太りましたが、 なかなかむっちりも良いもんです。 もう少し、まっててね。	2014-08-28	
169	PGD-709	pgd00709	沖田杏梨とイチャイチャ中出し同棲生活。	沖田杏梨                                                      3週間前                                                                                            呼吸してます。 太りましたが、 なかなかむっちりも良いもんです。 もう少し、まっててね。	2014-08-02	
170	MIMK-020	mimk00020	母姉W相姦 木下あずみ 沖田杏梨		2014-07-26	
171	WANZ-219	wanz00219	10発中出しするまで勃起させちゃうお姉様SEXテクニック 沖田杏梨	沖田杏梨                                                      3週間前                                                                                            呼吸してます。 太りましたが、 なかなかむっちりも良いもんです。 もう少し、まっててね。	2014-07-26	
172	TYWD-055	tywd00055	厳選！淫乱女優24人の感度が高すぎる熱情SEX - 風間ゆみ	脚をピーンと伸ばして、止まらない痙攣。とめどなく飛び散る快感潮。グイッと仰け反る昇天絶頂。そんな反応を繰り返す、感度が高すぎる淫乱女優のセックスシーンのみを厳選収録！敏感な女のセックスは、判り易く見ごたえのある絶頂シーンが沢山入っていてお得です！	2014-07-13	
173	MIGD-598	migd00598	早漏改善プロジェクト 爆乳お姉さんご褒美中出しスペシャル！ 沖田杏梨	沖田杏梨                                                      3週間前                                                                                            呼吸してます。 太りましたが、 なかなかむっちりも良いもんです。 もう少し、まっててね。	2014-07-10	
174	MBYD-197	mbyd00197	ジックリ観れる！！ 溜池ゴロー BEST HIT 30タイトル 8時間 - 風間ゆみ		2014-07-10	
175	WANZ-201	wanz00201	エロ痴女逆3Pナース 沖田杏梨 蓮実クレア		2014-06-28	
176	MIBD-828	mibd00828	馬乗りで上から淫語を浴びせかける腰フリ騎乗位 - つぼみ		2014-06-13	
177	MIDE-119	mide00119	Kcup超絶品ソープ嬢 沖田杏梨	沖田杏梨                                                      3週間前                                                                                            呼吸してます。 太りましたが、 なかなかむっちりも良いもんです。 もう少し、まっててね。	2014-06-08	
178	PPPD-288	pppd00288	巨乳女教師の誘惑 沖田杏梨	沖田杏梨                                                      3週間前                                                                                            呼吸してます。 太りましたが、 なかなかむっちりも良いもんです。 もう少し、まっててね。	2014-05-17	
179	TYWD-053	tywd00053	射精5分前ピストンにイキ狂う淫乱女88連発8時間 - 笠木忍	セックス好きな女が一番感じる時間…。それは射精前の遠慮ない激しいピストン、そしてスポンとチンポが抜ける瞬間！この射精前の時間には、女がイキまくる要素がたっぷり詰まってます！淫乱女たちの一番気持ちいい時間を88連発でたっぷりご堪能ください！	2014-05-17	
180	TYWD-052	tywd00052	淫乱AV乱丸 2013年発売作品全部入り8時間 - 風間ゆみ	淫乱AVメーカー「乱丸」の2013年に発売された全作品を収録した総集編です！13年度を代表する淫乱女優を詰め込みました！自ら腰を振りながら、潮を吹き散らし、体を震わせてイキまくる…そんな淫乱シーンをたっぷりご覧ください！	2014-04-13	
181	MIDE-095	mide00095	女教師レ●プ輪● 沖田杏梨	沖田杏梨                                                      3週間前                                                                                            呼吸してます。 太りましたが、 なかなかむっちりも良いもんです。 もう少し、まっててね。	2014-04-10	
182	BMW-055	bmw00055	良いオンナと特別なシチュエーションでハメる。 Special Night SEX 8times - 風間ゆみ		2014-03-29	
183	PLB-006	plb00006	Platina 4周年記念「初」コンプリートBOX 8時間 - 夕樹舞子		2014-03-21	
184	PPBD-076	ppbd00076	男なら一度はヤッてみたい細身巨乳スタイルBEST 50人4時間 - 水城奈緒	細身なのに鷲掴みできる巨大ボイン！！キュッ！とクビレた腰にプリン！とした美巨乳を装備した女優50人を厳選！！細い腰を持って突き上げるとプルプル震える柔らかおっぱい！！チンポを魅惑する卓越されたボディラインをクネらせよがり狂ういい女ばっかり！！	2014-03-15	
185	TYWD-051	tywd00051	汗！ヨダレ！潮！無我夢中ガムシャラ汁まみれ絶頂68連発4時間 - 笠木忍	自分がどう見られているかなんて、お構い無し！汗まみれでヨダレを垂らし、絶頂と同時に潮を吹き散らす、汁ダクな女たちはお嫌いですか？そんな女たちの絶頂シーンを68コーナーたっぷり収録しました！	2014-03-15	
186	MIDE-083	mide00083	桃乳逆レ●プナース 沖田杏梨	沖田杏梨                                                      3週間前                                                                                            呼吸してます。 太りましたが、 なかなかむっちりも良いもんです。 もう少し、まっててね。	2014-03-09	
187	BF-297	bf00297	BeFree 2013 CompleteBEST 46タイトル8時間 - 西野翔	2013年に発売された撮卸全46タイトル完全収録！家庭教師、チアリーダー、レースクィーン、女教師、インストラクター、人妻、スチュワーデス、女将…。色んな働く女のドキュメントがたっぷり詰まった総集編！！	2014-03-06	
188	BMW-053	bmw00053	じっくり最後まで搾り取る！！お掃除フェラBEST - 江波りゅう（RYU)	発射直前の1番気持ち良い瞬間、我慢の限界を迎えたアソコからほとばしる精子！！イったばかりの敏感なチ○ポを愛情持って優しくご奉仕する掃除フェラBESTが誕生です！！ワンズファクトリーだから可能な女優クオリティーと作品クオリティー。男女共に気持ち良い最高の瞬間をお楽しみ下さい★	2014-02-27	
189	TYWD-050	tywd00050	イキっぱなし淫乱SEX16時間 - 笠木忍	痙攣する体！野獣の雄たけび！激しい腰ふり！セックスの虜になった女たちが見せる「淫乱セックス」をたっぷり詰め込みました！モチロン挿入から発射までしっかり収録！これぞ淫乱セックス決定版！	2014-02-15	
190	MIMK-017	mimk00017	クリムゾン×MOODYZスペシャルコラボ企画 アイドル強●操作 〜スマホで命令したことが現実に〜 命令に抗い続ける女 織田真子		2014-02-08	
191	MIDE-070	mide00070	またがり淫語お姉さん 沖田杏梨	沖田杏梨                                                      3週間前                                                                                            呼吸してます。 太りましたが、 なかなかむっちりも良いもんです。 もう少し、まっててね。	2014-02-08	
192	TYWD-049	tywd00049	キマリすぎた敏感絶品BODY8時間 - 峰なゆか	淫乱AVメーカー乱丸に出演した女優から、感度が良くて、スタイルの良い女優のみを集めた総集編です！巨乳を揺らしながら、クビレバッチリの腰振りセックスの数々！見所満載の1作です！	2014-01-12	
193	MIMK-016	mimk00016	クリムゾン×MOODYZスペシャルコラボ企画 アイドル強●操作 〜スマホで命令したことが現実に〜 命令に逆らえない女 沖田杏梨	沖田杏梨                                                      3週間前                                                                                            呼吸してます。 太りましたが、 なかなかむっちりも良いもんです。 もう少し、まっててね。	2014-01-09	
194	ONSD-767	onsd00767	高画質 黄金比ボディスペシャル - 麻美ゆま		2014-01-07	
195	ONSD-766	onsd00766	大きくて柔らか〜いオッパイで激しくシコシコされて大量射精！ パイズリ挟射 高画質スペシャル - 麻美ゆま	S1のあの人気シリーズ「敏感爆乳パイズリ挟射」がベスト作品になって登場！今までにこのシリーズを観た事がある方も無い方も楽しめる全31コーナー収録！柔らかいオッパイでシコシコされて大量射精する様子を、射精前後の一番気持ちイイ瞬間を貴男にお届けします！	2013-12-28	
196	BMW-049	bmw00049	どこから観てもクライマックス！！ 女がイク瞬間 8時間 - つぼみ	どこから観てもテンションMAX！女の子たちのイク瞬間を一作に集めました！押し寄せる快感に抗えずイキ果てる女の子を厳選収録！潮吹き、悶絶、絶叫などなど…絶頂する瞬間がまとめて観れちゃいます！ヌキ所てんこ盛り！十人十色のオーガズムをタップリ収録した絶頂集！！	2013-12-21	
197	HNDB-031	hndb00031	本中3周年 全59作品12時間 - 愛咲れいら（原千尋）	おかげさまで本中は3周年を迎えることができました！そこで！これまでの本中作品59作品全てを収録した中出しベストをクリスマスプレゼントしちゃいます！ギャル、美少女、巨乳、人気女優の中出しをまるっと1つにまとめました♪これがあればきっと貴方のクリスマスも暖かくなること間違いなし！良いお年を♪	2013-12-15	
198	TYWD-048	tywd00048	欲しくて欲しくて堪らない女たち120人！ 挿入の瞬間120連発 - 笠木忍	挿入の瞬間は、男はもちろん、女も最高に高まる瞬間です！ただでさえ感度の高い女たちは、なおさら一挿しに悦びを感じるのです！淫乱女がトランスする、挿入の瞬間を120挿入分たっぷりお楽しみください！必ずあなた好みの「挿入された女の快感マックスな瞬間」が見つかるはずです！	2013-12-12	
199	ONSD-763	onsd00763	高画質 巨乳とのセックス 8時間 - 麻美ゆま	「揺れる！」「弾む！」「こぼれる！」S1自慢の巨乳アイドルたちのオッパイ弾むド派手な高画質爆乳SEX作品！極上ボディを美味しいアングルでたっぷりと大迫力＆鮮明映像でお届け！	2013-12-12	
200	MDYD-856	mdyd00856	義母奴● 沖田杏梨	沖田杏梨                                                      3週間前                                                                                            呼吸してます。 太りましたが、 なかなかむっちりも良いもんです。 もう少し、まっててね。	2013-12-08	
201	MKCK-081	mkck00081	E-BODY 300SEX 24時間 - 風間ゆみ	過去300タイトルの中から性交だけを収録した300SEX！超長尺作品というだけでなく、E-BODYというメーカーだからこそ成し得たスーパーボディ女優の濃密セックスだけが収録されています。6年間の歴史が詰まった最高傑作をお楽しみ下さい。	2013-12-08	
202	MKCK-082	mkck00082	東洋一のクビレ巨乳 8時間 - 麻美ゆま	ボン、キュッ、ボンの美しいクビレに、こだわり尽くした1作です！E-BODY厳選のスレンダー＆グラマーのメリハリボディが絡み合い、力尽きるまで愛し合うセックスを魅せる！！世界を悩殺するS字曲線のナイスボディ総勢50名に首ったけ間違いなしです！！	2013-12-08	
203	MBYD-177	mbyd00177	人妻の濃厚なお掃除フェラ8時間 - 笠木忍	人妻たちの顔がドロっと染まる濃厚フェラチオをたっぷり収録！夫の上司に犯●れ果てたチンポを丹念にお掃除。隣人を鍵で誘惑し情熱セックス、息子の友人との背徳性交や言いなり女教師が保健室での強●フェラ＆セックス、患者の穴奴●にされた女医など、超人気女優が多数収録されたネットリ特濃フェラ！	2013-12-08	
204	BF-279	bf00279	グラマラスBODY×極エロ着衣SEX 24本番 8時間Special - 松嶋れいな	極エロ衣装を身に纏ったグラマラスボディーの女たちが魅せる24本番をたっぷりお見せします！！超・超・超お買い得な1作です！！汗にまみれて浮かび上がる極上エロ曲線の濃厚FUCKでイキまくる姿を見逃すな！！	2013-12-05	
205	BMW-047	bmw00047	ソープに堕ちた女教師たち 奉仕を強要された聖職者6時間 - 波多野結衣	美人女教師はなぜ狙われ、ソープに堕ちたのか…ワンズファクトリーの人気シリーズがベストで遂に登場！きっかけはほんの些細なことだった…。教育の場を自らの生きがいと定めた女達を待ち受けるあまりに卑猥な運命！子ども達を導く聖職者がソープランドで淫欲と泡にまみれ奉仕を強要される！人気女優の教師姿もソープ嬢もこれだけで楽しめる！	2013-11-28	
206	HNDB-029	hndb00029	高画質本物中出し13発 沖田杏梨	沖田杏梨                                                      3週間前                                                                                            呼吸してます。 太りましたが、 なかなかむっちりも良いもんです。 もう少し、まっててね。	2013-11-22	
207	RKI-299	rki00299	世界一ザーメンを大量に発射する男たちのぶっかけSEX 沖田杏梨	沖田杏梨                                                      3週間前                                                                                            呼吸してます。 太りましたが、 なかなかむっちりも良いもんです。 もう少し、まっててね。	2013-11-16	
208	PPBD-072	ppbd00072	大きなおっぱいと極上パイズリ特濃挟射 8時間 - 葉月奈穂（葉月菜穂）	OPPAIが厳選したパイズリ女優の超絶テクニックを堪能できる一作！優しく、時に激しくチンポをはさみ擦りあげるパイズリに暴発必至の極上パイズリをご堪能ください！	2013-11-16	
209	TYWD-047	tywd00047	自我崩壊トランス性交集II - 妃乃ひかり	淫乱AVメーカー乱丸の作品群から、女達がきもち良すぎてコワれてしまったシーンを収録した究極の絶頂作品第2弾が登場です！！壊れた水道管のように止め処なく噴出す潮！目を見開き、絶叫を繰り返すアクメ！Gスポットを直撃するピストンに白目をむいて悶絶するセックス！女だけの性交で止まらなくなる膝痙攣！快楽に溺れた女の本性がここにある！！	2013-11-16	
210	MKCK-080	mkck00080	100cm以上限定超乳SEX - 杏美月	タップンタプンの重く揺れる巨大乳房が勢揃いの100cm以上限定“超乳”ベスト！超圧力パイズリ、騎乗位パイ揺れセックス！E-BODYが誇る爆乳女優の実りすぎたカラダを駆使した至高のおっぱいプレイ36コーナー！ボインアングルにこだわった編集で巨乳好きなあなたを満足させるムチムニュ乳まみれファックをお楽しみ下さい。	2013-11-10	
211	PLA-035	pla00035	本能剥き出し生中出しセックス 沖田杏梨	沖田杏梨                                                      3週間前                                                                                            呼吸してます。 太りましたが、 なかなかむっちりも良いもんです。 もう少し、まっててね。	2013-10-20	
212	BIB-083	bib00083	美2013年上半期総集編8時間 - 風間ゆみ	2013年上半期を美しく彩り、ド淫乱旋風を巻き起こした美ッ痴女達全てを収録！！蓮実クレア、さくら悠、波多野結衣、椎名ゆな、西條るり、風間ゆみ、芦名ユリア、さとう遥希、小早川怜子、村上涼子、知花メイサ、澤村レイコなど総勢37人の極痴女が本能剥き出しで肉棒に喰らいつく！大ボリュームの骨抜き美ッ痴女責めをぜひご堪能あれ！！	2013-10-20	
213	AUKG-199	aukg00199	発情！欲情！イカせ合い！負けず嫌いのレズカップル！！！ - Maika（MEW）		2013-10-11	
214	MKCK-078	mkck00078	美女×美ボディ限定40人 - 麻美ゆま	乱れる姿を見るならば、美人が良いに決まってる。E-BODYが誇る美女ベスト！しなやかな四肢が男の身体に絡みつき全身を虜にさせ、美しい顔で見つめられたら…ソッコー発射！小娘でも熟女でもない女盛り、艶っぽいお姉さんたちが魅せる濃厚性交ノンストップ40人！	2013-10-10	
215	ONSD-743	onsd00743	美尻の誘惑100連発 - 吉沢明歩		2013-10-07	
216	ONSD-744	onsd00744	極上 乳アングル100連発 - 麻美ゆま	巨乳を楽しむ為の極上アングルにこだわった究極のオッパイフェチ作品！Gカップ以上のS1女優だけを厳選！柔らかい乳をダイナミックに揉みしだき、騎乗位で激しく揺れる乳！日本男児はオッパイが大好き！貴男は上から？下から？どちらがお好き！？	2013-10-05	
217	BF-269	bf00269	絶版マニアック水着満載！競泳水着専門 インストラクター THE BEST 8時間 - 上原保奈美	F・H・J・Lカップの超乳インストラクターたちが競泳水着で魅せる！中出し・潮吹き・ぬるぬるローションフェチプレイ！ノーカット含む4タイトル長尺収録！！はみでるおっぱい、食い込む競泳水着を堪能せよ！	2013-10-05	
218	HNDB-026	hndb00026	オンナはやっぱりカラダで射精する 厳選美巨乳ボディに生ハメALL本物中出し！ - 北川瞳		2013-09-22	
219	HMGL-099	hmgl00099	グラマー 未発表スペシャル 10 沖田杏梨、美希、知花メイサ、玲奈		2013-09-22	
220	MBYD-170	mbyd00170	溜池ゴロー2013年上半期総集編全54タイトル8時間 - 寺崎泉	2013年上半期全54タイトルを全て収録！Hなレンタルビデオ店員JULIAちゃん、医師の罠に落ち院内でのセックスを強要される三浦恵理子、鍵を落とし隣人を誘惑する奥手な人妻稲川なつめ、ある生徒の言いなり奴●な女優など超お買い得版！	2013-09-12	
221	ONSD-734	onsd00734	高画質 パンストの誘惑 - 吉沢明歩		2013-09-07	
222	JUFD-305	jufd00305	全裸奴● 夫の部下に調教された爆乳妻 沖田杏梨	沖田杏梨                                                      3週間前                                                                                            呼吸してます。 太りましたが、 なかなかむっちりも良いもんです。 もう少し、まっててね。	2013-08-29	
223	VGD-122	vgd00122	卑猥なLカップ 沖田杏梨	沖田杏梨                                                      3週間前                                                                                            呼吸してます。 太りましたが、 なかなかむっちりも良いもんです。 もう少し、まっててね。	2013-08-27	
224	ONSD-731	onsd00731	高画質レイプ 犯されたS級女優たち - 吉沢明歩		2013-08-19	
225	ONSD-730	onsd00730	高画質 顔面ドロドロぶっかけ （ブルーレイディスク） - 麻美ゆま		2013-08-19	
226	JUFD-296	jufd00296	日焼けあとが眩しい爆乳ワイルドビッチ 沖田杏梨	沖田杏梨                                                      3週間前                                                                                            呼吸してます。 太りましたが、 なかなかむっちりも良いもんです。 もう少し、まっててね。	2013-07-27	
227	ONSD-722	onsd00722	高画質 若妻と濃密性交 （ブルーレイディスク） - 吉沢明歩		2013-07-19	
228	HND-066	hnd00066	いんやらしい〜カラダの本物中出しソープ嬢 沖田杏梨	沖田杏梨                                                      3週間前                                                                                            呼吸してます。 太りましたが、 なかなかむっちりも良いもんです。 もう少し、まっててね。	2013-06-22	
229	ONSD-714	onsd00714	高画質 突き上げられて絶頂 （ブルーレイディスク） - 吉沢明歩		2013-06-19	
230	REAL-461	real00461	鬼イカセ 沖田杏梨	沖田杏梨                                                      3週間前                                                                                            呼吸してます。 太りましたが、 なかなかむっちりも良いもんです。 もう少し、まっててね。	2013-06-14	
231	MILD-850	mild00850	僕をパイズリ天国に連れてって 極上巨乳アイドル挟射4時間スペシャル - 成瀬心美（ここみ）		2013-06-14	
232	MBYD-162	mbyd00162	快楽に溺れた女教師8時間総集編 - 松本まりな		2013-06-09	
233	JUFD-285	jufd00285	特命OL 沖田杏梨	沖田杏梨                                                      3週間前                                                                                            呼吸してます。 太りましたが、 なかなかむっちりも良いもんです。 もう少し、まっててね。	2013-05-30	
